1/1/1998,75.875
1/2/1998,74.9
1/5/1998,74.675
1/6/1998,75.5
1/7/1998,75.075
1/8/1998,75.625
1/9/1998,75.8
1/12/1998,76.45
1/13/1998,77.4
1/14/1998,78.475
1/15/1998,78.375
1/16/1998,79.025
1/19/1998,79.025
1/20/1998,78.9
1/21/1998,78.875
1/22/1998,78.525
1/23/1998,78.8
1/26/1998,78.8
1/27/1998,78.5
1/28/1998,78.45
1/29/1998,78.375
1/30/1998,78.5
2/2/1998,77
2/3/1998,76.025
2/4/1998,76.025
2/5/1998,75.525
2/6/1998,75.25
2/9/1998,75.275
2/10/1998,75.275
2/11/1998,76.025
2/12/1998,77.275
2/13/1998,78.475
2/16/1998,78.475
2/17/1998,77.7
2/18/1998,77.725
2/19/1998,76.775
2/20/1998,76.875
2/23/1998,75.375
2/24/1998,75.05
2/25/1998,74.55
2/26/1998,75
2/27/1998,74.65
3/2/1998,75.275
3/3/1998,75.775
3/4/1998,75.525
3/5/1998,75.45
3/6/1998,75.775
3/9/1998,75.45
3/10/1998,75.25
3/11/1998,75.425
3/12/1998,75.175
3/13/1998,75.35
3/16/1998,75.575
3/17/1998,75.5
3/18/1998,75.725
3/19/1998,75.525
3/20/1998,75.475
3/23/1998,75.675
3/24/1998,75.55
3/25/1998,75.5
3/26/1998,75.4
3/27/1998,74.3
3/30/1998,73.55
3/31/1998,73.625
4/1/1998,74.65
4/2/1998,75.7
4/3/1998,76.5
4/6/1998,76.85
4/7/1998,77.25
4/8/1998,77.175
4/9/1998,77.375
4/10/1998,77.375
4/13/1998,77.425
4/14/1998,77.15
4/15/1998,76.7
4/16/1998,76.9
4/17/1998,77.05
4/20/1998,76.8
4/21/1998,76.4
4/22/1998,76.3
4/23/1998,75.775
4/24/1998,75.575
4/27/1998,75.625
4/28/1998,75.575
4/29/1998,75.425
4/30/1998,75.25
5/1/1998,77.2
5/4/1998,76.725
5/5/1998,76.5
5/6/1998,76.3
5/7/1998,75.95
5/8/1998,75.525
5/11/1998,75.725
5/12/1998,75.55
5/13/1998,75.475
5/14/1998,75.55
5/15/1998,75.25
5/18/1998,74.925
5/19/1998,74.95
5/20/1998,74.775
5/21/1998,74.75
5/22/1998,76.25
5/25/1998,76.25
5/26/1998,76.325
5/27/1998,75.5
5/28/1998,75.2
5/29/1998,74.55
6/1/1998,74.1
6/2/1998,74.825
6/3/1998,74.55
6/4/1998,74.925
6/5/1998,74.4
6/8/1998,74.5
6/9/1998,75.6
6/10/1998,76.225
6/11/1998,75.65
6/12/1998,75.15
6/15/1998,75
6/16/1998,74.475
6/17/1998,73.7
6/18/1998,72.5
6/19/1998,72.175
6/22/1998,72.95
6/23/1998,72.1
6/24/1998,72.05
6/25/1998,72.05
6/26/1998,70.95
6/29/1998,72.45
6/30/1998,71.775
7/1/1998,72.35
7/2/1998,72.175
7/3/1998,72.175
7/6/1998,72.725
7/7/1998,71.925
7/8/1998,72.425
7/9/1998,72.175
7/10/1998,71.775
7/13/1998,70.275
7/14/1998,70.55
7/15/1998,70.05
7/16/1998,70.675
7/17/1998,70.575
7/20/1998,69.225
7/21/1998,69.475
7/22/1998,70.3
7/23/1998,69.375
7/24/1998,69.8
7/27/1998,69.775
7/28/1998,69.875
7/29/1998,70.025
7/30/1998,68.525
7/31/1998,67.275
8/3/1998,66.425
8/4/1998,67.925
8/5/1998,69.375
8/6/1998,69.425
8/7/1998,70.125
8/10/1998,70.125
8/11/1998,69.4
8/12/1998,68.525
8/13/1998,68.975
8/14/1998,68.625
8/17/1998,67.775
8/18/1998,69.05
8/19/1998,68.325
8/20/1998,68.25
8/21/1998,68.175
8/24/1998,68.375
8/25/1998,68.175
8/26/1998,68.3
8/27/1998,68.25
8/28/1998,68.875
8/31/1998,67.775
9/1/1998,67.45
9/2/1998,66.975
9/3/1998,66.5
9/4/1998,66.05
9/7/1998,66.05
9/8/1998,66.45
9/9/1998,65.95
9/10/1998,66.6
9/11/1998,68.05
9/14/1998,68.2
9/15/1998,68.25
9/16/1998,68.2
9/17/1998,68.75
9/18/1998,68.925
9/21/1998,68.5
9/22/1998,68.5
9/23/1998,68.3
9/24/1998,68.2
9/25/1998,69.125
9/28/1998,68.675
9/29/1998,68.45
9/30/1998,67.725
10/1/1998,68.125
10/2/1998,68.7
10/5/1998,68.45
10/6/1998,68.8
10/7/1998,69.5
10/8/1998,69.2
10/9/1998,69.825
10/12/1998,69.725
10/13/1998,69.9
10/14/1998,69.85
10/15/1998,70.3
10/16/1998,70.675
10/19/1998,70.55
10/20/1998,70.425
10/21/1998,70.375
10/22/1998,70.375
10/23/1998,70.05
10/26/1998,70.075
10/27/1998,69.95
10/28/1998,69.775
10/29/1998,69.9
10/30/1998,71.125
11/2/1998,70.7
11/3/1998,71.075
11/4/1998,71.05
11/5/1998,70.425
11/6/1998,70.625
11/9/1998,70.375
11/10/1998,69.75
11/11/1998,69.725
11/12/1998,69.45
11/13/1998,69.45
11/16/1998,69.025
11/17/1998,69.15
11/18/1998,69.125
11/19/1998,69
11/20/1998,70.675
11/23/1998,69.675
11/24/1998,70.6
11/25/1998,71.175
11/26/1998,71.175
11/27/1998,71.075
11/30/1998,70.5
12/1/1998,71.25
12/2/1998,70.975
12/3/1998,71.125
12/4/1998,71.625
12/7/1998,70.125
12/8/1998,69.5
12/9/1998,68
12/10/1998,67.9
12/11/1998,66.875
12/14/1998,67.575
12/15/1998,66.075
12/16/1998,67.475
12/17/1998,67.775
12/18/1998,67.725
12/21/1998,67.15
12/22/1998,67.625
12/23/1998,68.35
12/24/1998,68.875
12/25/1998,68.875
12/28/1998,69.675
12/29/1998,69.1
12/30/1998,69
12/31/1998,69.175
1/1/1999,69.175
1/4/1999,68.675
1/5/1999,70.175
1/6/1999,71.675
1/7/1999,71.45
1/8/1999,72.075
1/11/1999,72.725
1/12/1999,73.025
1/13/1999,72.525
1/14/1999,73.15
1/15/1999,74.05
1/18/1999,74.05
1/19/1999,73.65
1/20/1999,73.725
1/21/1999,73.1
1/22/1999,73.5
1/25/1999,73.6
1/26/1999,73.575
1/27/1999,73.25
1/28/1999,73.3
1/29/1999,72.6
2/1/1999,72.475
2/2/1999,72.525
2/3/1999,73.8
2/4/1999,74.3
2/5/1999,74.775
2/8/1999,74.875
2/9/1999,74.425
2/10/1999,74.25
2/11/1999,74.175
2/12/1999,74.6
2/15/1999,74.6
2/16/1999,74.625
2/17/1999,73.625
2/18/1999,73.45
2/19/1999,73.35
2/22/1999,72.775
2/23/1999,73.975
2/24/1999,73.575
2/25/1999,74.475
2/26/1999,74.175
3/1/1999,73.95
3/2/1999,73.4
3/3/1999,73.1
3/4/1999,72.425
3/5/1999,72.45
3/8/1999,72.675
3/9/1999,72.675
3/10/1999,72.475
3/11/1999,72
3/12/1999,71.8
3/15/1999,71.575
3/16/1999,71.975
3/17/1999,72
3/18/1999,72
3/19/1999,71.825
3/22/1999,71.7
3/23/1999,71.75
3/24/1999,71.725
3/25/1999,71.675
3/26/1999,71.55
3/29/1999,71.725
3/30/1999,71.775
3/31/1999,71.85
4/1/1999,72.525
4/2/1999,72.525
4/5/1999,73.525
4/6/1999,73.35
4/7/1999,73.25
4/8/1999,72.675
4/9/1999,73.6
4/12/1999,73.25
4/13/1999,72.675
4/14/1999,71.8
4/15/1999,71.65
4/16/1999,71.65
4/19/1999,71.25
4/20/1999,71.425
4/21/1999,71.45
4/22/1999,71.05
4/23/1999,70.925
4/26/1999,71
4/27/1999,71.125
4/28/1999,70.9
4/29/1999,70.975
4/30/1999,71.15
5/3/1999,71.175
5/4/1999,71.075
5/5/1999,70.475
5/6/1999,69.975
5/7/1999,70.075
5/10/1999,69.775
5/11/1999,70.65
5/12/1999,70.6
5/13/1999,70.425
5/14/1999,70.775
5/17/1999,70.925
5/18/1999,71.275
5/19/1999,70.95
5/20/1999,71.225
5/21/1999,71.125
5/24/1999,71.3
5/25/1999,71.4
5/26/1999,71.375
5/27/1999,71.225
5/28/1999,75.525
5/31/1999,75.525
6/1/1999,75.875
6/2/1999,75.675
6/3/1999,75.375
6/4/1999,76.775
6/7/1999,77.7
6/8/1999,77.525
6/9/1999,77.275
6/10/1999,77.325
6/11/1999,77.95
6/14/1999,78.425
6/15/1999,77.875
6/16/1999,77.8
6/17/1999,77.325
6/18/1999,77.125
6/21/1999,76.9
6/22/1999,77.175
6/23/1999,77.55
6/24/1999,77.125
6/25/1999,77.425
6/28/1999,75.925
6/29/1999,75.975
6/30/1999,74.55
7/1/1999,75.975
7/2/1999,76.325
7/5/1999,76.325
7/6/1999,77.35
7/7/1999,76.825
7/8/1999,76.45
7/9/1999,77.125
7/12/1999,77.475
7/13/1999,76.975
7/14/1999,77.25
7/15/1999,76.65
7/16/1999,76.875
7/19/1999,76.625
7/20/1999,76.225
7/21/1999,76.075
7/22/1999,77.35
7/23/1999,76.75
7/26/1999,77.525
7/27/1999,77.55
7/28/1999,77.475
7/29/1999,76.7
7/30/1999,76.875
8/2/1999,76.825
8/3/1999,76.325
8/4/1999,76.075
8/5/1999,76.425
8/6/1999,76.575
8/9/1999,76.675
8/10/1999,76.675
8/11/1999,77.125
8/12/1999,77.4
8/13/1999,77.275
8/16/1999,77.2
8/17/1999,77.375
8/18/1999,77.3
8/19/1999,77.4
8/20/1999,77.4
8/23/1999,77.15
8/24/1999,77.2
8/25/1999,77.325
8/26/1999,77.55
8/27/1999,78.475
8/30/1999,78.375
8/31/1999,78.125
9/1/1999,78.225
9/2/1999,78.425
9/3/1999,78.55
9/6/1999,78.55
9/7/1999,78.825
9/8/1999,78.7
9/9/1999,78.45
9/10/1999,79.375
9/13/1999,78.85
9/14/1999,79.5
9/15/1999,79.2
9/16/1999,79.025
9/17/1999,79.65
9/20/1999,79.375
9/21/1999,79.55
9/22/1999,79.55
9/23/1999,79.475
9/24/1999,79.3
9/27/1999,79.5
9/28/1999,79.5
9/29/1999,79.625
9/30/1999,79.9
10/1/1999,81.85
10/4/1999,82
10/5/1999,81.475
10/6/1999,80.825
10/7/1999,81.5
10/8/1999,81.25
10/11/1999,80.9
10/12/1999,81.025
10/13/1999,80.825
10/14/1999,81.1
10/15/1999,80.65
10/18/1999,81.025
10/19/1999,81.3
10/20/1999,80.6
10/21/1999,80.35
10/22/1999,80.2
10/25/1999,79.8
10/26/1999,79.8
10/27/1999,79.725
10/28/1999,80.275
10/29/1999,80.975
11/1/1999,80.525
11/2/1999,81.125
11/3/1999,80.925
11/4/1999,81.075
11/5/1999,80.825
11/8/1999,81
11/9/1999,81.075
11/10/1999,81.025
11/11/1999,81.275
11/12/1999,81.75
11/15/1999,81.875
11/16/1999,81.875
11/17/1999,81.875
11/18/1999,82
11/19/1999,84.85
11/22/1999,84.8
11/23/1999,85.375
11/24/1999,85.475
11/25/1999,85.475
11/26/1999,85.575
11/29/1999,84.875
11/30/1999,85.1
12/1/1999,84.45
12/2/1999,84.4
12/3/1999,84.85
12/6/1999,84.475
12/7/1999,84.75
12/8/1999,85.4
12/9/1999,85.125
12/10/1999,84.275
12/13/1999,84.175
12/14/1999,84.175
12/15/1999,84.2
12/16/1999,84.175
12/17/1999,83.975
12/20/1999,83.95
12/21/1999,84.6
12/22/1999,84.625
12/23/1999,85.1
12/24/1999,85.1
12/27/1999,84.825
12/28/1999,84.85
12/29/1999,85
12/30/1999,85.35
12/31/1999,85.35
1/3/2000,85.875
1/4/2000,85.775
1/5/2000,85.725
1/6/2000,86.375
1/7/2000,86.875
1/10/2000,86.8
1/11/2000,86.65
1/12/2000,86.175
1/13/2000,85.925
1/14/2000,86.275
1/17/2000,86.275
1/18/2000,86.275
1/19/2000,85.325
1/20/2000,85.275
1/21/2000,85.425
1/24/2000,85.3
1/25/2000,85.125
1/26/2000,85.125
1/27/2000,85.2
1/28/2000,84.775
1/31/2000,85.35
2/1/2000,85.6
2/2/2000,84.775
2/3/2000,85.225
2/4/2000,84.85
2/7/2000,84.825
2/8/2000,84.25
2/9/2000,83.45
2/10/2000,83.275
2/11/2000,83.525
2/14/2000,83.225
2/15/2000,82.875
2/16/2000,83.025
2/17/2000,83.475
2/18/2000,83.1
2/21/2000,83.1
2/22/2000,82.3
2/23/2000,82.6
2/24/2000,82.925
2/25/2000,83.275
2/28/2000,83.475
2/29/2000,83.075
3/1/2000,83.8
3/2/2000,84.225
3/3/2000,84.375
3/6/2000,84.25
3/7/2000,83.95
3/8/2000,83.825
3/9/2000,84.1
3/10/2000,84.2
3/13/2000,83.85
3/14/2000,83.425
3/15/2000,83.55
3/16/2000,83.15
3/17/2000,83.1
3/20/2000,83.3
3/21/2000,83.4
3/22/2000,83.6
3/23/2000,83.425
3/24/2000,83.55
3/27/2000,83.9
3/28/2000,84
3/29/2000,83.875
3/30/2000,84.05
3/31/2000,84.025
4/3/2000,83.875
4/4/2000,83.325
4/5/2000,83.65
4/6/2000,83.9
4/7/2000,84.175
4/10/2000,84.6
4/11/2000,84.775
4/12/2000,84.575
4/13/2000,84.675
4/14/2000,84.7
4/17/2000,84.525
4/18/2000,84.575
4/19/2000,84.425
4/20/2000,84.3
4/21/2000,84.3
4/24/2000,83.9
4/25/2000,84
4/26/2000,84.225
4/27/2000,84.325
4/28/2000,84.825
5/1/2000,84.35
5/2/2000,84.2
5/3/2000,83.525
5/4/2000,83.2
5/5/2000,83.325
5/8/2000,83.5
5/9/2000,83.375
5/10/2000,82.325
5/11/2000,82.55
5/12/2000,82.875
5/15/2000,82.975
5/16/2000,83.175
5/17/2000,83.25
5/18/2000,83
5/19/2000,83.25
5/22/2000,83.2
5/23/2000,83.625
5/24/2000,83.475
5/25/2000,83.425
5/26/2000,84.2
5/29/2000,84.2
5/30/2000,84.325
5/31/2000,84.775
6/1/2000,85.175
6/2/2000,84.975
6/5/2000,85.775
6/6/2000,85.475
6/7/2000,85.575
6/8/2000,85.175
6/9/2000,85.275
6/12/2000,86.5
6/13/2000,86.35
6/14/2000,86.275
6/15/2000,85.95
6/16/2000,85.85
6/19/2000,85.925
6/20/2000,86.35
6/21/2000,86.175
6/22/2000,86.025
6/23/2000,86.125
6/26/2000,86.575
6/27/2000,86.575
6/28/2000,85.8
6/29/2000,85.575
6/30/2000,86.45
7/3/2000,86.925
7/4/2000,86.925
7/5/2000,88.025
7/6/2000,87.9
7/7/2000,87.325
7/10/2000,87.5
7/11/2000,87.75
7/12/2000,87.775
7/13/2000,87.4
7/14/2000,88.025
7/17/2000,87.85
7/18/2000,88
7/19/2000,87.775
7/20/2000,87.95
7/21/2000,87.75
7/24/2000,87.225
7/25/2000,86.65
7/26/2000,86.15
7/27/2000,86.2
7/28/2000,86.1
7/31/2000,86.1
8/1/2000,85.725
8/2/2000,85.325
8/3/2000,85.55
8/4/2000,86.35
8/7/2000,86.35
8/8/2000,85.85
8/9/2000,86
8/10/2000,86.075
8/11/2000,86.375
8/14/2000,86.575
8/15/2000,86.55
8/16/2000,86.25
8/17/2000,86.325
8/18/2000,86.325
8/21/2000,86.325
8/22/2000,86.125
8/23/2000,86.25
8/24/2000,86.475
8/25/2000,86.2
8/28/2000,86.275
8/29/2000,86.425
8/30/2000,86.625
8/31/2000,86.725
9/1/2000,84.725
9/4/2000,84.725
9/5/2000,84.375
9/6/2000,84.4
9/7/2000,85.125
9/8/2000,85.075
9/11/2000,85.075
9/12/2000,84.875
9/13/2000,84.725
9/14/2000,85.325
9/15/2000,85.55
9/18/2000,85.75
9/19/2000,85.75
9/20/2000,85.6
9/21/2000,85.35
9/22/2000,85.65
9/25/2000,85.9
9/26/2000,86.075
9/27/2000,86.2
9/28/2000,86.325
9/29/2000,86.65
10/2/2000,86.55
10/3/2000,86.325
10/4/2000,86.175
10/5/2000,86.75
10/6/2000,86.45
10/9/2000,86.725
10/10/2000,86.425
10/11/2000,86.45
10/12/2000,86.6
10/13/2000,86.7
10/16/2000,86.85
10/17/2000,87.5
10/18/2000,87.5
10/19/2000,87.475
10/20/2000,87.45
10/23/2000,87.325
10/24/2000,87.375
10/25/2000,87.175
10/26/2000,87.275
10/27/2000,88.55
10/30/2000,88.575
10/31/2000,88.775
11/1/2000,88.65
11/2/2000,88.225
11/3/2000,88.425
11/6/2000,88.6
11/7/2000,87.95
11/8/2000,87.85
11/9/2000,87.975
11/10/2000,88.15
11/13/2000,88.325
11/14/2000,88.55
11/15/2000,88.375
11/16/2000,88.275
11/17/2000,89.475
11/20/2000,89.7
11/21/2000,89.35
11/22/2000,89.5
11/23/2000,89.5
11/24/2000,89.125
11/27/2000,89
11/28/2000,89.675
11/29/2000,89.2
11/30/2000,88.875
12/1/2000,89.175
12/4/2000,89.95
12/5/2000,89.95
12/6/2000,90.5
12/7/2000,90.85
12/8/2000,90.85
12/11/2000,91.075
12/12/2000,91.325
12/13/2000,91.225
12/14/2000,90.75
12/15/2000,90.9
12/18/2000,91.2
12/19/2000,90.625
12/20/2000,91.325
12/21/2000,90.925
12/22/2000,92.125
12/25/2000,92.125
12/26/2000,91.5
12/27/2000,91.425
12/28/2000,91.2
12/29/2000,91.5
1/1/2001,91.5
1/2/2001,91.975
1/3/2001,91.525
1/4/2001,90.825
1/5/2001,90.65
1/8/2001,90.025
1/9/2001,90.325
1/10/2001,90.525
1/11/2001,90.275
1/12/2001,89.9
1/15/2001,89.9
1/16/2001,89.25
1/17/2001,89
1/18/2001,88.75
1/19/2001,88.45
1/22/2001,88.15
1/23/2001,87.4
1/24/2001,87.375
1/25/2001,87.325
1/26/2001,87.625
1/29/2001,86.875
1/30/2001,85.375
1/31/2001,84.975
2/1/2001,86.4
2/2/2001,85.675
2/5/2001,86.35
2/6/2001,86.65
2/7/2001,86.375
2/8/2001,85.875
2/9/2001,86.075
2/12/2001,85.575
2/13/2001,85.675
2/14/2001,86.05
2/15/2001,86.375
2/16/2001,86.4
2/19/2001,86.4
2/20/2001,87.4
2/21/2001,88.125
2/22/2001,87.75
2/23/2001,87.2
2/26/2001,87.375
2/27/2001,87.625
2/28/2001,87.6
3/1/2001,87.55
3/2/2001,87.25
3/5/2001,87.225
3/6/2001,87.35
3/7/2001,87.125
3/8/2001,86.8
3/9/2001,86.65
3/12/2001,86.525
3/13/2001,86.3
3/14/2001,85.85
3/15/2001,85.45
3/16/2001,85.25
3/19/2001,85.3
3/20/2001,85.55
3/21/2001,85.6
3/22/2001,85.9
3/23/2001,85.625
3/26/2001,85.85
3/27/2001,86.05
3/28/2001,86.1
3/29/2001,86.075
3/30/2001,86.3
4/2/2001,86.925
4/3/2001,87.5
4/4/2001,87.45
4/5/2001,87.425
4/6/2001,87.5
4/9/2001,87.575
4/10/2001,87.3
4/11/2001,87.55
4/12/2001,87.6
4/13/2001,87.6
4/16/2001,88.05
4/17/2001,87.8
4/18/2001,87.6
4/19/2001,87.725
4/20/2001,87.825
4/23/2001,87.875
4/24/2001,87.825
4/25/2001,87.775
4/26/2001,87.85
4/27/2001,87.875
4/30/2001,87.65
5/1/2001,87.8
5/2/2001,87.65
5/3/2001,87.475
5/4/2001,87.375
5/7/2001,87.775
5/8/2001,87.725
5/9/2001,87.175
5/10/2001,87.25
5/11/2001,87.025
5/14/2001,86.775
5/15/2001,86.7
5/16/2001,86.575
5/17/2001,87.725
5/18/2001,87.65
5/21/2001,87.975
5/22/2001,87.975
5/23/2001,87.75
5/24/2001,87.575
5/25/2001,87.575
5/28/2001,87.575
5/29/2001,87.575
5/30/2001,87.575
5/31/2001,87.575
6/1/2001,91.95
6/4/2001,91.675
6/5/2001,91.65
6/6/2001,91.575
6/7/2001,91.275
6/8/2001,91.775
6/11/2001,91.725
6/12/2001,91.35
6/13/2001,91.175
6/14/2001,90.925
6/15/2001,91.275
6/18/2001,91.375
6/19/2001,92.125
6/20/2001,92.15
6/21/2001,91.925
6/22/2001,92
6/25/2001,92.5
6/26/2001,92.1
6/27/2001,92.15
6/28/2001,92.275
6/29/2001,91.225
7/2/2001,91.325
7/3/2001,90.875
7/4/2001,90.875
7/5/2001,90.425
7/6/2001,90.95
7/9/2001,91.1
7/10/2001,90.075
7/11/2001,90.425
7/12/2001,89.975
7/13/2001,90.35
7/16/2001,90.7
7/17/2001,90.1
7/18/2001,90.2
7/19/2001,90.125
7/20/2001,90.15
7/23/2001,90.475
7/24/2001,90.175
7/25/2001,89.7
7/26/2001,89.25
7/27/2001,88.6
7/30/2001,88.725
7/31/2001,88.725
8/1/2001,89.2
8/2/2001,88.925
8/3/2001,89.275
8/6/2001,88.85
8/7/2001,88.85
8/8/2001,88.75
8/9/2001,88.45
8/10/2001,88.425
8/13/2001,89
8/14/2001,89.375
8/15/2001,89.975
8/16/2001,90.05
8/17/2001,90.1
8/20/2001,90.175
8/21/2001,90.1
8/22/2001,89.9
8/23/2001,89.825
8/24/2001,89.95
8/27/2001,90.1
8/28/2001,90.45
8/29/2001,90.775
8/30/2001,91.2
8/31/2001,90.4
9/3/2001,90.4
9/4/2001,91.05
9/5/2001,91.375
9/6/2001,90.875
9/7/2001,91.05
9/10/2001,91.4
9/11/2001,91.4
9/12/2001,91.4
9/13/2001,90.95
9/14/2001,90.3
9/17/2001,90.25
9/18/2001,90.125
9/19/2001,89.2
9/20/2001,89.25
9/21/2001,88.9
9/24/2001,89.35
9/25/2001,89.4
9/26/2001,89.4
9/27/2001,89.575
9/28/2001,85.2
10/1/2001,85.4
10/2/2001,85.375
10/3/2001,85.65
10/4/2001,87.15
10/5/2001,88.35
10/8/2001,88.225
10/9/2001,88.65
10/10/2001,88.975
10/11/2001,89.1
10/12/2001,88.025
10/15/2001,87.675
10/16/2001,88.6
10/17/2001,88.3
10/18/2001,88.5
10/19/2001,88.65
10/22/2001,88.575
10/23/2001,88.7
10/24/2001,88.6
10/25/2001,88.75
10/26/2001,86.825
10/29/2001,87.525
10/30/2001,86.525
10/31/2001,86.55
11/1/2001,86.65
11/2/2001,86.225
11/5/2001,85.6
11/6/2001,84.85
11/7/2001,85.475
11/8/2001,85.45
11/9/2001,84.625
11/12/2001,83.9
11/13/2001,83.925
11/14/2001,83.55
11/15/2001,83.575
11/16/2001,82.425
11/19/2001,83.175
11/20/2001,83.475
11/21/2001,83.6
11/22/2001,83.6
11/23/2001,84.3
11/26/2001,84.25
11/27/2001,84.675
11/28/2001,85.175
11/29/2001,85.275
11/30/2001,84.525
12/3/2001,84.875
12/4/2001,84.9
12/5/2001,85.125
12/6/2001,84.75
12/7/2001,83.7
12/10/2001,83.15
12/11/2001,83.275
12/12/2001,82.875
12/13/2001,81.875
12/14/2001,81.825
12/17/2001,82.3
12/18/2001,83.8
12/19/2001,83.65
12/20/2001,83.075
12/21/2001,84.575
12/24/2001,85.5
12/25/2001,85.5
12/26/2001,85.75
12/27/2001,85.4
12/28/2001,86
12/31/2001,86.025
1/1/2002,86.025
1/2/2002,85
1/3/2002,85.4
1/4/2002,85.275
1/7/2002,85.55
1/8/2002,85.5
1/9/2002,85.975
1/10/2002,85.575
1/11/2002,84.275
1/14/2002,84.025
1/15/2002,84
1/16/2002,83.375
1/17/2002,83.35
1/18/2002,83.225
1/21/2002,83.225
1/22/2002,83.05
1/23/2002,82.975
1/24/2002,82.95
1/25/2002,82.95
1/28/2002,82.9
1/29/2002,82.75
1/30/2002,82.8
1/31/2002,82.8
2/1/2002,84.175
2/4/2002,84.325
2/5/2002,84.15
2/6/2002,84.275
2/7/2002,84.025
2/8/2002,83.85
2/11/2002,83.65
2/12/2002,83.45
2/13/2002,82.925
2/14/2002,82.8
2/15/2002,82.5
2/18/2002,82.5
2/19/2002,81.65
2/20/2002,82.2
2/21/2002,81.45
2/22/2002,81.6
2/25/2002,81.65
2/26/2002,81.3
2/27/2002,81.825
2/28/2002,81.475
3/1/2002,81.425
3/4/2002,81.35
3/5/2002,81.375
3/6/2002,81.975
3/7/2002,82.05
3/8/2002,82.5
3/11/2002,82.375
3/12/2002,82.125
3/13/2002,81.375
3/14/2002,81.075
3/15/2002,80.15
3/18/2002,79.125
3/19/2002,79.2
3/20/2002,79.175
3/21/2002,79
3/22/2002,79.125
3/25/2002,79.175
3/26/2002,79.25
3/27/2002,79.05
3/28/2002,78.75
3/29/2002,78.75
4/1/2002,79.925
4/2/2002,79.075
4/3/2002,79
4/4/2002,77.5
4/5/2002,76.3
4/8/2002,74.975
4/9/2002,75.525
4/10/2002,74.025
4/11/2002,73.5
4/12/2002,73.5
4/15/2002,74.6
4/16/2002,75.6
4/17/2002,75.7
4/18/2002,75.875
4/19/2002,74.65
4/22/2002,74.5
4/23/2002,74.4
4/24/2002,74.325
4/25/2002,74.35
4/26/2002,74.2
4/29/2002,74.425
4/30/2002,75.9
5/1/2002,75.7
5/2/2002,75.1
5/3/2002,75.5
5/6/2002,77
5/7/2002,77.15
5/8/2002,76.65
5/9/2002,75.95
5/10/2002,76.25
5/13/2002,76
5/14/2002,76.075
5/15/2002,75.9
5/16/2002,75.85
5/17/2002,75.475
5/20/2002,75.075
5/21/2002,74.9
5/22/2002,74.975
5/23/2002,75
5/24/2002,75
5/27/2002,75
5/28/2002,75
5/29/2002,75
5/30/2002,75
5/31/2002,74.475
6/3/2002,75.975
6/4/2002,75.975
6/5/2002,75.1
6/6/2002,75.45
6/7/2002,74.95
6/10/2002,75.475
6/11/2002,76.975
6/12/2002,76.7
6/13/2002,76.65
6/14/2002,76.35
6/17/2002,77.4
6/18/2002,78.325
6/19/2002,78.05
6/20/2002,77.6
6/21/2002,77.45
6/24/2002,76.2
6/25/2002,76.75
6/26/2002,76.15
6/27/2002,75.75
6/28/2002,75.5
7/1/2002,76.275
7/2/2002,76.975
7/3/2002,76.725
7/4/2002,76.725
7/5/2002,76.95
7/8/2002,76.8
7/9/2002,76.3
7/10/2002,76.425
7/11/2002,77.925
7/12/2002,78.35
7/15/2002,78.025
7/16/2002,77.425
7/17/2002,78.1
7/18/2002,78.125
7/19/2002,77.85
7/22/2002,76.725
7/23/2002,76.775
7/24/2002,75.45
7/25/2002,76.85
7/26/2002,76.925
7/29/2002,77.7
7/30/2002,77.55
7/31/2002,76.975
8/1/2002,76.525
8/2/2002,76.525
8/5/2002,77.05
8/6/2002,77.625
8/7/2002,77.925
8/8/2002,77.875
8/9/2002,78.7
8/12/2002,77.575
8/13/2002,77.725
8/14/2002,77.575
8/15/2002,78.125
8/16/2002,78.65
8/19/2002,78.925
8/20/2002,79.05
8/21/2002,78.9
8/22/2002,79.825
8/23/2002,79.225
8/26/2002,79.3
8/27/2002,79.45
8/28/2002,79.5
8/29/2002,79.325
8/30/2002,79.725
9/2/2002,79.725
9/3/2002,79.2
9/4/2002,79.15
9/5/2002,79.475
9/6/2002,79.45
9/9/2002,79
9/10/2002,79.05
9/11/2002,79.1
9/12/2002,80.025
9/13/2002,80.85
9/16/2002,80.75
9/17/2002,81
9/18/2002,81.1
9/19/2002,81.2
9/20/2002,81.4
9/23/2002,81.475
9/24/2002,81.6
9/25/2002,81.55
9/26/2002,81.675
9/27/2002,80.675
9/30/2002,80.95
10/1/2002,80.2
10/2/2002,79.5
10/3/2002,80.325
10/4/2002,79.9
10/7/2002,79.475
10/8/2002,80.2
10/9/2002,79.8
10/10/2002,80.025
10/11/2002,80.5
10/14/2002,81.05
10/15/2002,81.4
10/16/2002,81.425
10/17/2002,81.3
10/18/2002,81.1
10/21/2002,81.95
10/22/2002,82.05
10/23/2002,82
10/24/2002,81.65
10/25/2002,82.05
10/28/2002,82.05
10/29/2002,82.15
10/30/2002,82.4
10/31/2002,82.45
11/1/2002,82.575
11/4/2002,82.5
11/5/2002,82.275
11/6/2002,82.7
11/7/2002,83.375
11/8/2002,83.8
11/11/2002,83.35
11/12/2002,83.175
11/13/2002,83.05
11/14/2002,83.05
11/15/2002,82.6
11/18/2002,82.75
11/19/2002,82.725
11/20/2002,82.725
11/21/2002,82.75
11/22/2002,83.925
11/25/2002,84.475
11/26/2002,84.75
11/27/2002,85.075
11/28/2002,85.075
11/29/2002,84.625
12/2/2002,84.775
12/3/2002,84.925
12/4/2002,85.45
12/5/2002,85.35
12/6/2002,83.95
12/9/2002,83.475
12/10/2002,83.875
12/11/2002,83.575
12/12/2002,83.15
12/13/2002,83.2
12/16/2002,83.575
12/17/2002,83.4
12/18/2002,83
12/19/2002,83.3
12/20/2002,83.525
12/23/2002,83.375
12/24/2002,83.375
12/25/2002,83.375
12/26/2002,83.375
12/27/2002,83.375
12/30/2002,83.275
12/31/2002,83.8
1/1/2003,83.8
1/2/2003,84.45
1/3/2003,84.8
1/6/2003,84.15
1/7/2003,83.675
1/8/2003,83.1
1/9/2003,83.1
1/10/2003,82.675
1/13/2003,82.425
1/14/2003,81.875
1/15/2003,80.525
1/16/2003,80.8
1/17/2003,80.925
1/20/2003,80.925
1/21/2003,80.6
1/22/2003,80.475
1/23/2003,80.35
1/24/2003,80.15
1/27/2003,79.875
1/28/2003,79.7
1/29/2003,79.8
1/30/2003,79.825
1/31/2003,79.75
2/3/2003,79.45
2/4/2003,78.25
2/5/2003,77.5
2/6/2003,76.525
2/7/2003,75.875
2/10/2003,76.8
2/11/2003,76.675
2/12/2003,75.175
2/13/2003,74.8
2/14/2003,75.825
2/17/2003,75.825
2/18/2003,76.225
2/19/2003,76.475
2/20/2003,76.95
2/21/2003,77.225
2/24/2003,77.45
2/25/2003,76.85
2/26/2003,77.075
2/27/2003,75.825
2/28/2003,76.15
3/3/2003,76.125
3/4/2003,76.2
3/5/2003,75.725
3/6/2003,75.625
3/7/2003,75.875
3/10/2003,75.475
3/11/2003,74.275
3/12/2003,74.7
3/13/2003,75.75
3/14/2003,75.825
3/17/2003,75.475
3/18/2003,75.7
3/19/2003,76.2
3/20/2003,76.375
3/21/2003,76.225
3/24/2003,76.4
3/25/2003,76.8
3/26/2003,76.875
3/27/2003,77.25
3/28/2003,77.725
3/31/2003,78.15
4/1/2003,78.225
4/2/2003,78.75
4/3/2003,78.7
4/4/2003,78.775
4/7/2003,78.925
4/8/2003,78.7
4/9/2003,78.575
4/10/2003,78.55
4/11/2003,78.925
4/14/2003,79.2
4/15/2003,79.325
4/16/2003,79.4
4/17/2003,79.3
4/18/2003,79.3
4/21/2003,78.825
4/22/2003,78.95
4/23/2003,78.85
4/24/2003,78.75
4/25/2003,79.125
4/28/2003,79.025
4/29/2003,79.7
4/30/2003,79.775
5/1/2003,79.925
5/2/2003,80
5/5/2003,80.15
5/6/2003,80.325
5/7/2003,79.975
5/8/2003,79.825
5/9/2003,80.175
5/12/2003,80.2
5/13/2003,80.3
5/14/2003,80.2
5/15/2003,80.075
5/16/2003,81.1
5/19/2003,80.825
5/20/2003,80.35
5/21/2003,80.575
5/22/2003,80.925
5/23/2003,81.03
5/26/2003,81.03
5/27/2003,85.125
5/28/2003,85.625
5/29/2003,85.45
5/30/2003,85.3
6/2/2003,86.675
6/3/2003,85.825
6/4/2003,86.1
6/5/2003,85.2
6/6/2003,84.825
6/9/2003,84.625
6/10/2003,85.2
6/11/2003,84.05
6/12/2003,83.775
6/13/2003,83.925
6/16/2003,83.85
6/17/2003,84.275
6/18/2003,84.25
6/19/2003,84.1
6/20/2003,84.725
6/23/2003,85.4
6/24/2003,85.175
6/25/2003,85.925
6/26/2003,86.025
6/27/2003,86.325
6/30/2003,86.7
7/1/2003,86.35
7/2/2003,86.7
7/3/2003,86.275
7/4/2003,86.275
7/7/2003,87.775
7/8/2003,87.85
7/9/2003,87.025
7/10/2003,87.325
7/11/2003,86.95
7/14/2003,86.725
7/15/2003,87.425
7/16/2003,88.925
7/17/2003,89.275
7/18/2003,89.575
7/21/2003,89.325
7/22/2003,89.625
7/23/2003,90.825
7/24/2003,90.175
7/25/2003,90.2
7/28/2003,90.7
7/29/2003,90.35
7/30/2003,90.275
7/31/2003,90.35
8/1/2003,90.8
8/4/2003,90.925
8/5/2003,90.825
8/6/2003,91.475
8/7/2003,91.35
8/8/2003,91.475
8/11/2003,91.075
8/12/2003,90.95
8/13/2003,90.875
8/14/2003,91.775
8/15/2003,92.5
8/18/2003,93.15
8/19/2003,93.925
8/20/2003,94.925
8/21/2003,95.675
8/22/2003,96.225
8/25/2003,96.55
8/26/2003,96.85
8/27/2003,97.05
8/28/2003,97.125
8/29/2003,96.225
9/1/2003,96.225
9/2/2003,96.425
9/3/2003,97.45
9/4/2003,97.175
9/5/2003,97.15
9/8/2003,98.375
9/9/2003,98.8
9/10/2003,99
9/11/2003,100.375
9/12/2003,100.5
9/15/2003,100.45
9/16/2003,100.675
9/17/2003,101.05
9/18/2003,100.9
9/19/2003,101.2
9/22/2003,101.45
9/23/2003,101.825
9/24/2003,101.95
9/25/2003,101.85
9/26/2003,98.3
9/29/2003,99.325
9/30/2003,99.375
10/1/2003,100.425
10/2/2003,101.575
10/3/2003,101.95
10/6/2003,102.825
10/7/2003,104.3
10/8/2003,105.8
10/9/2003,105.825
10/10/2003,107.175
10/13/2003,108.675
10/14/2003,107.3
10/15/2003,106.825
10/16/2003,105.625
10/17/2003,106
10/20/2003,104.5
10/21/2003,103.075
10/22/2003,101.575
10/23/2003,102.125
10/24/2003,103.625
10/27/2003,105.125
10/28/2003,106.35
10/29/2003,106.95
10/30/2003,107.3
10/31/2003,101.275
11/3/2003,102.2
11/4/2003,101.95
11/5/2003,103.225
11/6/2003,104.4
11/7/2003,103.925
11/10/2003,104.25
11/11/2003,102.85
11/12/2003,101.35
11/13/2003,102.65
11/14/2003,102.825
11/17/2003,102.8
11/18/2003,103.1
11/19/2003,103.15
11/20/2003,103.675
11/21/2003,95.75
11/24/2003,96.925
11/25/2003,97.75
11/26/2003,98.725
11/27/2003,98.725
11/28/2003,99.375
12/1/2003,100.7
12/2/2003,101.85
12/3/2003,100.35
12/4/2003,98.85
12/5/2003,98.3
12/8/2003,97.95
12/9/2003,96.45
12/10/2003,94.95
12/11/2003,95.175
12/12/2003,94.55
12/15/2003,95.75
12/16/2003,94.7
12/17/2003,94.85
12/18/2003,93.4
12/19/2003,94.225
12/22/2003,95.175
12/23/2003,95.225
12/24/2003,93.725
12/25/2003,93.725
12/26/2003,90.725
12/29/2003,85.725
12/30/2003,80.725
12/31/2003,78.925
1/1/2004,78.925
1/2/2004,81.1
1/5/2004,82.6
1/6/2004,82.075
1/7/2004,83.575
1/8/2004,84.725
1/9/2004,86.225
1/12/2004,86
1/13/2004,87.175
1/14/2004,88.675
1/15/2004,89.2
1/16/2004,89.15
1/19/2004,89.15
1/20/2004,90.3
1/21/2004,90.55
1/22/2004,90.125
1/23/2004,90.1
1/26/2004,89.2
1/27/2004,89.25
1/28/2004,89.15
1/29/2004,88.875
1/30/2004,83.675
2/2/2004,84.05
2/3/2004,83.725
2/4/2004,82.225
2/5/2004,83.2
2/6/2004,83.15
2/9/2004,83.25
2/10/2004,81.95
2/11/2004,82.75
2/12/2004,82.85
2/13/2004,83.975
2/16/2004,83.975
2/17/2004,84.85
2/18/2004,85.3
2/19/2004,84.575
2/20/2004,84.175
2/23/2004,83.9
2/24/2004,85.75
2/25/2004,85.9
2/26/2004,86.725
2/27/2004,86.5
3/1/2004,88.05
3/2/2004,87.5
3/3/2004,87.75
3/4/2004,87.175
3/5/2004,87.3
3/8/2004,87.4
3/9/2004,87.95
3/10/2004,89.225
3/11/2004,89.45
3/12/2004,89.8
3/15/2004,89.85
3/16/2004,90.5
3/17/2004,90.5
3/18/2004,90.4
3/19/2004,90.55
3/22/2004,90.4
3/23/2004,90.525
3/24/2004,90.475
3/25/2004,90.625
3/26/2004,88.7
3/29/2004,89
3/30/2004,89.725
3/31/2004,89.5
4/1/2004,89.325
4/2/2004,89.4
4/5/2004,89.975
4/6/2004,90.725
4/7/2004,90.55
4/8/2004,91.225
4/9/2004,91.225
4/12/2004,92.425
4/13/2004,92.35
4/14/2004,92.5
4/15/2004,92.45
4/16/2004,92.95
4/19/2004,93.825
4/20/2004,94.325
4/21/2004,94.55
4/22/2004,94.625
4/23/2004,94.9
4/26/2004,95.3
4/27/2004,95.575
4/28/2004,95.775
4/29/2004,96.225
4/30/2004,98.3
5/3/2004,99.75
5/4/2004,100.125
5/5/2004,100.45
5/6/2004,101.825
5/7/2004,102.425
5/10/2004,103.525
5/11/2004,103.4
5/12/2004,102.675
5/13/2004,102.8
5/14/2004,103.225
5/17/2004,102.825
5/18/2004,103.325
5/19/2004,104.175
5/20/2004,103.9
5/21/2004,104.925
5/24/2004,105.575
5/25/2004,105.7
5/26/2004,106.1
5/27/2004,106.05
5/28/2004,107.2
5/31/2004,107.2
6/1/2004,104.725
6/2/2004,107.175
6/3/2004,108.075
6/4/2004,108.625
6/7/2004,109.675
6/8/2004,108.5
6/9/2004,108.375
6/10/2004,107.5
6/11/2004,107.5
6/14/2004,107.25
6/15/2004,106.975
6/16/2004,108.8
6/17/2004,109.625
6/18/2004,109.8
6/21/2004,111.025
6/22/2004,111.625
6/23/2004,112.575
6/24/2004,113.725
6/25/2004,114.15
6/28/2004,111.15
6/29/2004,112.025
6/30/2004,109.4
7/1/2004,108.4
7/2/2004,108.4
7/5/2004,108.4
7/6/2004,111.4
7/7/2004,111.1
7/8/2004,110.6
7/9/2004,112.55
7/12/2004,113.55
7/13/2004,113.525
7/14/2004,111.625
7/15/2004,108.625
7/16/2004,108.525
7/19/2004,109.075
7/20/2004,109.15
7/21/2004,111.925
7/22/2004,114.65
7/23/2004,114.7
7/26/2004,115.3
7/27/2004,115.425
7/28/2004,115.825
7/29/2004,115.475
7/30/2004,114.65
8/2/2004,114.325
8/3/2004,111.55
8/4/2004,113.75
8/5/2004,113.975
8/6/2004,114.05
8/9/2004,115.15
8/10/2004,115.05
8/11/2004,114.425
8/12/2004,114.775
8/13/2004,116.55
8/16/2004,117.05
8/17/2004,117.275
8/18/2004,117.85
8/19/2004,117.725
8/20/2004,118.175
8/23/2004,118.6
8/24/2004,118.4
8/25/2004,118.375
8/26/2004,118.275
8/27/2004,112.1
8/30/2004,113.35
8/31/2004,112.4
9/1/2004,110.15
9/2/2004,109.625
9/3/2004,109.4
9/6/2004,109.4
9/7/2004,109.525
9/8/2004,110.85
9/9/2004,110.55
9/10/2004,112.3
9/13/2004,113
9/14/2004,113.55
9/15/2004,113.975
9/16/2004,114.7
9/17/2004,114.65
9/20/2004,115.2
9/21/2004,114.7
9/22/2004,114.7
9/23/2004,114.825
9/24/2004,115.15
9/27/2004,114.95
9/28/2004,114.875
9/29/2004,114.8
9/30/2004,114.625
10/1/2004,112.525
10/4/2004,112.9
10/5/2004,113.225
10/6/2004,113.1
10/7/2004,113.125
10/8/2004,113.1
10/11/2004,113.475
10/12/2004,114.25
10/13/2004,114.1
10/14/2004,114.125
10/15/2004,114.125
10/18/2004,113.775
10/19/2004,113.4
10/20/2004,112.25
10/21/2004,111.925
10/22/2004,113.2
10/25/2004,113.45
10/26/2004,113.975
10/27/2004,114.075
10/28/2004,113.9
10/29/2004,109.2
11/1/2004,108.7
11/2/2004,108.15
11/3/2004,107.925
11/4/2004,107.425
11/5/2004,107.4
11/8/2004,107.45
11/9/2004,107.4
11/10/2004,108.2
11/11/2004,108.425
11/12/2004,107.925
11/15/2004,108.2
11/16/2004,108.275
11/17/2004,108.375
11/18/2004,108.275
11/19/2004,100.625
11/22/2004,99.525
11/23/2004,99.725
11/24/2004,102.275
11/25/2004,102.275
11/26/2004,102.9
11/29/2004,104.05
11/30/2004,103.95
12/1/2004,103.275
12/2/2004,102.1
12/3/2004,101.9
12/6/2004,101.4
12/7/2004,101.025
12/8/2004,102.425
12/9/2004,100.85
12/10/2004,100.575
12/13/2004,101.1
12/14/2004,100.3
12/15/2004,102.075
12/16/2004,101.775
12/17/2004,103.25
12/20/2004,103.325
12/21/2004,105.3
12/22/2004,104.725
12/23/2004,105.2
12/24/2004,105.2
12/27/2004,105.825
12/28/2004,104.95
12/29/2004,103.05
12/30/2004,101.8
12/31/2004,101.8
1/3/2005,102.35
1/4/2005,104.775
1/5/2005,104.15
1/6/2005,103.2
1/7/2005,103.8
1/10/2005,104.825
1/11/2005,105.65
1/12/2005,105.75
1/13/2005,106.15
1/14/2005,105.85
1/17/2005,105.85
1/18/2005,107.2
1/19/2005,106.25
1/20/2005,106.2
1/21/2005,105.725
1/24/2005,104.55
1/25/2005,104.5
1/26/2005,104.3
1/27/2005,104.175
1/28/2005,100.225
1/31/2005,100.525
2/1/2005,100.925
2/2/2005,99.95
2/3/2005,99.8
2/4/2005,99.275
2/7/2005,99.85
2/8/2005,100.9
2/9/2005,100.925
2/10/2005,99.6
2/11/2005,100.15
2/14/2005,100.125
2/15/2005,100.25
2/16/2005,100.725
2/17/2005,100.625
2/18/2005,98.3
2/21/2005,98.3
2/22/2005,98.5
2/23/2005,98.725
2/24/2005,99.075
2/25/2005,98.4
2/28/2005,99.15
3/1/2005,99.975
3/2/2005,100.325
3/3/2005,102.625
3/4/2005,102.675
3/7/2005,103.1
3/8/2005,103.925
3/9/2005,105.875
3/10/2005,105.55
3/11/2005,104.9
3/14/2005,105.35
3/15/2005,106.075
3/16/2005,106.05
3/17/2005,105.9
3/18/2005,105.625
3/21/2005,106.025
3/22/2005,106.325
3/23/2005,106.325
3/24/2005,106.35
3/25/2005,106.35
3/28/2005,106.15
3/29/2005,106.9
3/30/2005,106.4
3/31/2005,107.675
4/1/2005,109.1
4/4/2005,108.775
4/5/2005,108.8
4/6/2005,107.925
4/7/2005,107.875
4/8/2005,108.425
4/11/2005,108.475
4/12/2005,109.175
4/13/2005,108.95
4/14/2005,109.3
4/15/2005,109.7
4/18/2005,111.4
4/19/2005,110.85
4/20/2005,110.95
4/21/2005,110.375
4/22/2005,110.475
4/25/2005,111.25
4/26/2005,111.575
4/27/2005,111.6
4/28/2005,111.65
4/29/2005,108.675
5/2/2005,108.525
5/3/2005,110.05
5/4/2005,109.6
5/5/2005,110.425
5/6/2005,110.225
5/9/2005,111.075
5/10/2005,111.35
5/11/2005,111.575
5/12/2005,111.5
5/13/2005,111.425
5/16/2005,111.5
5/17/2005,111.925
5/18/2005,111.6
5/19/2005,111.75
5/20/2005,111.475
5/23/2005,111.225
5/24/2005,111.325
5/25/2005,111.025
5/26/2005,111.1
5/27/2005,111.45
5/30/2005,111.45
5/31/2005,112.675
6/1/2005,111.8
6/2/2005,111.1
6/3/2005,111.7
6/6/2005,113.25
6/7/2005,113.525
6/8/2005,112.8
6/9/2005,111.2
6/10/2005,111.25
6/13/2005,108.475
6/14/2005,109.25
6/15/2005,108.75
6/16/2005,107.85
6/17/2005,107.575
6/20/2005,108.65
6/21/2005,108.55
6/22/2005,108.8
6/23/2005,108.9
6/24/2005,108.45
6/27/2005,109.625
6/28/2005,109.6
6/29/2005,109.35
6/30/2005,109.425
7/1/2005,110.3
7/4/2005,110.3
7/5/2005,110.725
7/6/2005,111.65
7/7/2005,112.075
7/8/2005,111.975
7/11/2005,110.125
7/12/2005,109.65
7/13/2005,109.55
7/14/2005,108.125
7/15/2005,106.15
7/18/2005,106.2
7/19/2005,107.45
7/20/2005,107.55
7/21/2005,107.875
7/22/2005,107.65
7/25/2005,107.1
7/26/2005,107.25
7/27/2005,107.125
7/28/2005,107.575
7/29/2005,109.225
8/1/2005,109.325
8/2/2005,109.575
8/3/2005,110.025
8/4/2005,109.425
8/5/2005,110.4
8/8/2005,109.5
8/9/2005,109.1
8/10/2005,109.05
8/11/2005,109.775
8/12/2005,109.275
8/15/2005,109.675
8/16/2005,109.925
8/17/2005,110.25
8/18/2005,110.375
8/19/2005,110.6
8/22/2005,110.675
8/23/2005,111.15
8/24/2005,111.3
8/25/2005,111.3
8/26/2005,111.45
8/29/2005,112.375
8/30/2005,111.6
8/31/2005,111.775
9/1/2005,109.95
9/2/2005,110.8
9/5/2005,110.8
9/6/2005,111.825
9/7/2005,112
9/8/2005,113.45
9/9/2005,114.575
9/12/2005,115.35
9/13/2005,114.9
9/14/2005,114.9
9/15/2005,115.375
9/16/2005,114.875
9/19/2005,115.1
9/20/2005,114.475
9/21/2005,114.475
9/22/2005,115.45
9/23/2005,115.8
9/26/2005,115.8
9/27/2005,116
9/28/2005,116.125
9/29/2005,116.05
9/30/2005,115.425
10/3/2005,116.525
10/4/2005,117.575
10/5/2005,117.1
10/6/2005,117.575
10/7/2005,118.325
10/10/2005,118
10/11/2005,118.7
10/12/2005,118.575
10/13/2005,119.575
10/14/2005,117.675
10/17/2005,117.475
10/18/2005,117.275
10/19/2005,117.65
10/20/2005,116.85
10/21/2005,115.95
10/24/2005,115.85
10/25/2005,115.75
10/26/2005,115.8
10/27/2005,115.7
10/28/2005,115.35
10/31/2005,115.85
11/1/2005,115.475
11/2/2005,115.525
11/3/2005,116.075
11/4/2005,116.075
11/7/2005,116.025
11/8/2005,115.7
11/9/2005,115.3
11/10/2005,115.2
11/11/2005,115.05
11/14/2005,115.8
11/15/2005,116.375
11/16/2005,116.475
11/17/2005,116.525
11/18/2005,113.6
11/21/2005,112.675
11/22/2005,113.175
11/23/2005,114.4
11/24/2005,114.4
11/25/2005,116.025
11/28/2005,116.95
11/29/2005,117.2
11/30/2005,116.9
12/1/2005,117.65
12/2/2005,116.675
12/5/2005,116.375
12/6/2005,115.325
12/7/2005,115.7
12/8/2005,114.775
12/9/2005,113.775
12/12/2005,114.175
12/13/2005,114.825
12/14/2005,114.825
12/15/2005,113.825
12/16/2005,114.325
12/19/2005,114.575
12/20/2005,115.05
12/21/2005,114.075
12/22/2005,113.6
12/23/2005,114.075
12/26/2005,114.075
12/27/2005,114.275
12/28/2005,115
12/29/2005,114.725
12/30/2005,115.25
1/2/2006,115.25
1/3/2006,114.275
1/4/2006,114.225
1/5/2006,114.325
1/6/2006,114.5
1/9/2006,114.525
1/10/2006,113.9
1/11/2006,112.05
1/12/2006,112.875
1/13/2006,112.475
1/16/2006,112.475
1/17/2006,112.275
1/18/2006,111.775
1/19/2006,112.45
1/20/2006,112.6
1/23/2006,113.05
1/24/2006,113.15
1/25/2006,113.325
1/26/2006,113.25
1/27/2006,110.625
1/30/2006,109.75
1/31/2006,109.825
2/1/2006,109.275
2/2/2006,108.7
2/3/2006,107.825
2/6/2006,108.05
2/7/2006,107.975
2/8/2006,107.975
2/9/2006,108.85
2/10/2006,109.65
2/13/2006,108.05
2/14/2006,108.7
2/15/2006,108.25
2/16/2006,108.35
2/17/2006,107.325
2/20/2006,107.325
2/21/2006,107.625
2/22/2006,107.9
2/23/2006,106.95
2/24/2006,106.2
2/27/2006,106.05
2/28/2006,106.875
3/1/2006,107.125
3/2/2006,107.15
3/3/2006,106.325
3/6/2006,105.95
3/7/2006,104.7
3/8/2006,104
3/9/2006,103.55
3/10/2006,101.575
3/13/2006,102.025
3/14/2006,102.575
3/15/2006,103.875
3/16/2006,104.8
3/17/2006,104.475
3/20/2006,105.625
3/21/2006,105.1
3/22/2006,104.625
3/23/2006,104.65
3/24/2006,103.45
3/27/2006,103.425
3/28/2006,103.725
3/29/2006,103.5
3/30/2006,103.35
3/31/2006,101.475
4/3/2006,100.975
4/4/2006,99.2
4/5/2006,100.025
4/6/2006,100.55
4/7/2006,102
4/10/2006,100.475
4/11/2006,100.5
4/12/2006,101.35
4/13/2006,102.175
4/14/2006,102.175
4/17/2006,103.225
4/18/2006,103.725
4/19/2006,103.875
4/20/2006,103.1
4/21/2006,101.8
4/24/2006,100.8
4/25/2006,100.6
4/26/2006,101.5
4/27/2006,101.1
4/28/2006,100.525
5/1/2006,102.175
5/2/2006,102.15
5/3/2006,101.7
5/4/2006,100.825
5/5/2006,99.8
5/8/2006,100.8
5/9/2006,100.325
5/10/2006,100.825
5/11/2006,101.825
5/12/2006,102.4
5/15/2006,103.05
5/16/2006,103.85
5/17/2006,103.55
5/18/2006,103.5
5/19/2006,103.05
5/22/2006,103.375
5/23/2006,103.325
5/24/2006,103.35
5/25/2006,103.4
5/26/2006,108.75
5/29/2006,108.75
5/30/2006,109.425
5/31/2006,109.125
6/1/2006,109.975
6/2/2006,110.225
6/5/2006,109.575
6/6/2006,109.85
6/7/2006,109.4
6/8/2006,109.6
6/9/2006,108.6
6/12/2006,108.225
6/13/2006,108.8
6/14/2006,109.425
6/15/2006,112.35
6/16/2006,112.575
6/19/2006,113.2
6/20/2006,112.75
6/21/2006,113.2
6/22/2006,114.85
6/23/2006,115.15
6/26/2006,117.125
6/27/2006,117.55
6/28/2006,117.2
6/29/2006,115
6/30/2006,115.2
7/3/2006,116.375
7/4/2006,116.375
7/5/2006,117.25
7/6/2006,116.05
7/7/2006,115.9
7/10/2006,114.125
7/11/2006,113.65
7/12/2006,113.725
7/13/2006,114.65
7/14/2006,114.225
7/17/2006,113.35
7/18/2006,113.55
7/19/2006,115.725
7/20/2006,115.275
7/21/2006,115.625
7/24/2006,113.3
7/25/2006,113.375
7/26/2006,114.525
7/27/2006,114.2
7/28/2006,114.15
7/31/2006,114.325
8/1/2006,114.425
8/2/2006,113.175
8/3/2006,113.825
8/4/2006,115.125
8/7/2006,116
8/8/2006,116.125
8/9/2006,116.075
8/10/2006,117.4
8/11/2006,117.35
8/14/2006,116.05
8/15/2006,115.625
8/16/2006,115.675
8/17/2006,115.575
8/18/2006,115.325
8/21/2006,116.375
8/22/2006,115.975
8/23/2006,115.9
8/24/2006,116.25
8/25/2006,116.525
8/28/2006,117.025
8/29/2006,117.175
8/30/2006,117.1
8/31/2006,116.95
9/1/2006,116.55
9/4/2006,116.55
9/5/2006,117.675
9/6/2006,118.975
9/7/2006,119.225
9/8/2006,118.575
9/11/2006,118.65
9/12/2006,118.875
9/13/2006,117.85
9/14/2006,117
9/15/2006,117.55
9/18/2006,117.7
9/19/2006,117.2
9/20/2006,116.025
9/21/2006,116.425
9/22/2006,116.05
9/25/2006,115.7
9/26/2006,115.85
9/27/2006,115.675
9/28/2006,116.075
9/29/2006,112.9
10/2/2006,113.3
10/3/2006,113.35
10/4/2006,112.925
10/5/2006,113.45
10/6/2006,113.025
10/9/2006,110.75
10/10/2006,110.1
10/11/2006,109.25
10/12/2006,107.45
10/13/2006,107.15
10/16/2006,107.85
10/17/2006,106.75
10/18/2006,107.1
10/19/2006,106.7
10/20/2006,106.325
10/23/2006,106.575
10/24/2006,106.7
10/25/2006,106.7
10/26/2006,107
10/27/2006,103.575
10/30/2006,103.625
10/31/2006,103.975
11/1/2006,104.4
11/2/2006,101.975
11/3/2006,101.425
11/6/2006,100.35
11/7/2006,99.625
11/8/2006,98.95
11/9/2006,100.475
11/10/2006,98.8
11/13/2006,97.8
11/14/2006,97.15
11/15/2006,97.225
11/16/2006,97.625
11/17/2006,98.375
11/20/2006,97.675
11/21/2006,98.775
11/22/2006,99.2
11/23/2006,99.2
11/24/2006,98.5
11/27/2006,97.625
11/28/2006,98.575
11/29/2006,97.95
11/30/2006,97.875
12/1/2006,96.975
12/4/2006,97.275
12/5/2006,98.2
12/6/2006,99.075
12/7/2006,99.85
12/8/2006,100.425
12/11/2006,99.625
12/12/2006,98.425
12/13/2006,99.075
12/14/2006,97.4
12/15/2006,98.725
12/18/2006,100
12/19/2006,99
12/20/2006,98.85
12/21/2006,98.25
12/22/2006,97.325
12/25/2006,97.325
12/26/2006,96.925
12/27/2006,98.75
12/28/2006,99.3
12/29/2006,99.6
1/1/2007,99.6
1/2/2007,99.6
1/3/2007,99.85
1/4/2007,99.475
1/5/2007,98.65
1/8/2007,98.875
1/9/2007,98.2
1/10/2007,98.175
1/11/2007,97.575
1/12/2007,94.575
1/15/2007,94.575
1/16/2007,94.3
1/17/2007,93.925
1/18/2007,95.275
1/19/2007,95
1/22/2007,94.425
1/23/2007,94.45
1/24/2007,94.7
1/25/2007,94.725
1/26/2007,94.1
1/29/2007,95.4
1/30/2007,94.85
1/31/2007,95.85
2/1/2007,94.775
2/2/2007,95.625
2/5/2007,97.2
2/6/2007,99.025
2/7/2007,99.35
2/8/2007,98.875
2/9/2007,98.775
2/12/2007,99.5
2/13/2007,100.725
2/14/2007,100.8
2/15/2007,100.45
2/16/2007,100.175
2/19/2007,100.175
2/20/2007,99.625
2/21/2007,100.025
2/22/2007,99.225
2/23/2007,99.325
2/26/2007,101.05
2/27/2007,101.75
2/28/2007,101.6
3/1/2007,102.4
3/2/2007,103.9
3/5/2007,103.775
3/6/2007,103.375
3/7/2007,103.375
3/8/2007,104.85
3/9/2007,105.15
3/12/2007,105.775
3/13/2007,105.65
3/14/2007,105.925
3/15/2007,105.875
3/16/2007,104.825
3/19/2007,105.125
3/20/2007,104.2
3/21/2007,103.6
3/22/2007,104.1
3/23/2007,104.35
3/26/2007,105.325
3/27/2007,105.1
3/28/2007,105.3
3/29/2007,105.625
3/30/2007,108.75
4/2/2007,110.2
4/3/2007,110.575
4/4/2007,110.8
4/5/2007,111.125
4/6/2007,111.125
4/9/2007,111.9
4/10/2007,110.95
4/11/2007,110.1
4/12/2007,107.85
4/13/2007,107.25
4/16/2007,107.725
4/17/2007,107.85
4/18/2007,107.275
4/19/2007,107.3
4/20/2007,107.05
4/23/2007,107.45
4/24/2007,107.1
4/25/2007,106.85
4/26/2007,106.8
4/27/2007,108.55
4/30/2007,109.55
5/1/2007,109.75
5/2/2007,109.675
5/3/2007,106.95
5/4/2007,107.15
5/7/2007,107.5
5/8/2007,108.325
5/9/2007,108.9
5/10/2007,108.9
5/11/2007,109.7
5/14/2007,109.55
5/15/2007,109.35
5/16/2007,109.325
5/17/2007,109.35
5/18/2007,109.125
5/21/2007,108.925
5/22/2007,108.65
5/23/2007,108.325
5/24/2007,108.075
5/25/2007,110.95
5/28/2007,110.95
5/29/2007,111.55
5/30/2007,110.35
5/31/2007,111.425
6/1/2007,110.25
6/4/2007,111.025
6/5/2007,110.875
6/6/2007,109.775
6/7/2007,108.85
6/8/2007,108.2
6/11/2007,107.55
6/12/2007,108.125
6/13/2007,106.6
6/14/2007,107.575
6/15/2007,106.95
6/18/2007,106.725
6/19/2007,108.45
6/20/2007,108.1
6/21/2007,108.1
6/22/2007,108.4
6/25/2007,108.55
6/26/2007,107.65
6/27/2007,108.575
6/28/2007,109.775
6/29/2007,111.55
7/2/2007,110.95
7/3/2007,111.55
7/4/2007,111.55
7/5/2007,112.175
7/6/2007,114.7
7/9/2007,114.475
7/10/2007,114.025
7/11/2007,114.625
7/12/2007,114.3
7/13/2007,113.85
7/16/2007,115.15
7/17/2007,115.825
7/18/2007,115.4
7/19/2007,115.45
7/20/2007,115.5
7/23/2007,116.7
7/24/2007,116.5
7/25/2007,115.85
7/26/2007,116.35
7/27/2007,117.125
7/30/2007,116.975
7/31/2007,117.35
8/1/2007,116.975
8/2/2007,115.925
8/3/2007,115.925
8/6/2007,116.25
8/7/2007,114.725
8/8/2007,114.575
8/9/2007,114.95
8/10/2007,114.975
8/13/2007,115.525
8/14/2007,115.7
8/15/2007,116.175
8/16/2007,115.55
8/17/2007,116.425
8/20/2007,116.45
8/21/2007,116.075
8/22/2007,115.975
8/23/2007,116.75
8/24/2007,117.575
8/27/2007,117.775
8/28/2007,118
8/29/2007,118.05
8/30/2007,117.625
8/31/2007,117.525
9/3/2007,117.525
9/4/2007,118.9
9/5/2007,119.1
9/6/2007,119.475
9/7/2007,118.8
9/10/2007,118.875
9/11/2007,118.525
9/12/2007,116.85
9/13/2007,116.95
9/14/2007,116.825
9/17/2007,115.675
9/18/2007,116.025
9/19/2007,116.075
9/20/2007,115.85
9/21/2007,116.4
9/24/2007,116.15
9/25/2007,115.825
9/26/2007,115.85
9/27/2007,116.075
9/28/2007,116.3
10/1/2007,115.075
10/2/2007,115.925
10/3/2007,114.9
10/4/2007,115
10/5/2007,113.95
10/8/2007,113.85
10/9/2007,113.25
10/10/2007,113.2
10/11/2007,114.35
10/12/2007,113.375
10/15/2007,113.1
10/16/2007,112.5
10/17/2007,112.075
10/18/2007,112.25
10/19/2007,111.5
10/22/2007,111.45
10/23/2007,111.35
10/24/2007,111.1
10/25/2007,110.9
10/26/2007,109.05
10/29/2007,109.25
10/30/2007,109.95
10/31/2007,108.45
11/1/2007,108.625
11/2/2007,108.35
11/5/2007,109.125
11/6/2007,108.225
11/7/2007,107.75
11/8/2007,107.75
11/9/2007,107.95
11/12/2007,108.425
11/13/2007,108.9
11/14/2007,108.675
11/15/2007,108.85
11/16/2007,109.125
11/19/2007,108.825
11/20/2007,109.575
11/21/2007,109.9
11/22/2007,109.9
11/23/2007,110.7
11/26/2007,110.95
11/27/2007,110.575
11/28/2007,109.575
11/29/2007,109.075
11/30/2007,107.7
12/3/2007,108.05
12/4/2007,107
12/5/2007,106.25
12/6/2007,106.35
12/7/2007,105.95
12/10/2007,106.125
12/11/2007,105.975
12/12/2007,105.2
12/13/2007,103.8
12/14/2007,103.8
12/17/2007,103.675
12/18/2007,105.15
12/19/2007,104.2
12/20/2007,103.95
12/21/2007,103.825
12/24/2007,103.575
12/25/2007,103.575
12/26/2007,103.5
12/27/2007,104.375
12/28/2007,104.325
12/31/2007,105.1
1/1/2008,105.1
1/2/2008,104.425
1/3/2008,101.8
1/4/2008,100.325
1/7/2008,100.425
1/8/2008,100.225
1/9/2008,100.15
1/10/2008,101.75
1/11/2008,99.5
1/14/2008,98.425
1/15/2008,97.8
1/16/2008,96.975
1/17/2008,97.05
1/18/2008,97.675
1/21/2008,97.675
1/22/2008,98.05
1/23/2008,98.35
1/24/2008,98.8
1/25/2008,98.6
1/28/2008,99.55
1/29/2008,99.55
1/30/2008,99.65
1/31/2008,99.7
2/1/2008,105.45
2/4/2008,104.75
2/5/2008,105.5
2/6/2008,104.925
2/7/2008,105.85
2/8/2008,105.025
2/11/2008,105.9
2/12/2008,105.75
2/13/2008,104.95
2/14/2008,104.425
2/15/2008,104.625
2/18/2008,104.625
2/19/2008,104.9
2/20/2008,105.65
2/21/2008,105.075
2/22/2008,103.925
2/25/2008,104.2
2/26/2008,104.775
2/27/2008,105.1
2/28/2008,104.65
2/29/2008,103.65
3/3/2008,101.675
3/4/2008,101.65
3/5/2008,100.9
3/6/2008,99.8
3/7/2008,100.6
3/10/2008,100.2
3/11/2008,99.75
3/12/2008,99.775
3/13/2008,99.45
3/14/2008,99.3
3/17/2008,99.1
3/18/2008,99.45
3/19/2008,99.35
3/20/2008,99.125
3/21/2008,99.125
3/24/2008,103.275
3/25/2008,103.1
3/26/2008,102.15
3/27/2008,100.775
3/28/2008,100.425
3/31/2008,99.3
4/1/2008,99.125
4/2/2008,97.6
4/3/2008,98.7
4/4/2008,98.6
4/7/2008,99
4/8/2008,99.575
4/9/2008,98.25
4/10/2008,99.125
4/11/2008,99.5
4/14/2008,99.55
4/15/2008,100.15
4/16/2008,100.4
4/17/2008,101.825
4/18/2008,101.5
4/21/2008,101.55
4/22/2008,101.7
4/23/2008,101.75
4/24/2008,101.8
4/25/2008,107.75
4/28/2008,106.725
4/29/2008,105.35
4/30/2008,105.975
5/1/2008,104.95
5/2/2008,105.65
5/5/2008,105.25
5/6/2008,105.55
5/7/2008,105.725
5/8/2008,106.775
5/9/2008,107.35
5/12/2008,107.925
5/13/2008,108.75
5/14/2008,108.45
5/15/2008,108.6
5/16/2008,108.475
5/19/2008,107.875
5/20/2008,107.925
5/21/2008,108.05
5/22/2008,107.875
5/23/2008,115.225
5/26/2008,115.225
5/27/2008,115.25
5/28/2008,115.8
5/29/2008,115.45
5/30/2008,116.025
6/2/2008,113.7
6/3/2008,113.775
6/4/2008,113.725
6/5/2008,112.825
6/6/2008,112.25
6/9/2008,110.675
6/10/2008,110.975
6/11/2008,108.825
6/12/2008,109.05
6/13/2008,109.15
6/16/2008,109.65
6/17/2008,110.325
6/18/2008,110.5
6/19/2008,111.1
6/20/2008,113.575
6/23/2008,113.05
6/24/2008,113.475
6/25/2008,112.55
6/26/2008,111.45
6/27/2008,111.725
6/30/2008,111.875
7/1/2008,112.175
7/2/2008,112.15
7/3/2008,111.575
7/4/2008,111.575
7/7/2008,111.025
7/8/2008,111.525
7/9/2008,112.9
7/10/2008,112.65
7/11/2008,111.725
7/14/2008,110.175
7/15/2008,111.45
7/16/2008,111.125
7/17/2008,111.55
7/18/2008,113.875
7/21/2008,114.65
7/22/2008,113.875
7/23/2008,112.6
7/24/2008,112.375
7/25/2008,111.75
7/28/2008,111.15
7/29/2008,112.275
7/30/2008,112.525
7/31/2008,113.8
8/1/2008,115.625
8/4/2008,115.425
8/5/2008,115.35
8/6/2008,115.5
8/7/2008,114.075
8/8/2008,114.625
8/11/2008,114.975
8/12/2008,115.15
8/13/2008,114.05
8/14/2008,114.175
8/15/2008,113.9
8/18/2008,113.65
8/19/2008,112.7
8/20/2008,113.075
8/21/2008,112.825
8/22/2008,112.85
8/25/2008,113.1
8/26/2008,113.025
8/27/2008,112.95
8/28/2008,112.4
8/29/2008,112.4
9/1/2008,112.4
9/2/2008,111.775
9/3/2008,110.55
9/4/2008,110.775
9/5/2008,111.125
9/8/2008,111.3
9/9/2008,110.85
9/10/2008,109.85
9/11/2008,109.65
9/12/2008,109.9
9/15/2008,109.7
9/16/2008,108.9
9/17/2008,108
9/18/2008,107.3
9/19/2008,108.25
9/22/2008,108.15
9/23/2008,107.6
9/24/2008,107.7
9/25/2008,107.875
9/26/2008,107.875
9/29/2008,102.8
9/30/2008,104
10/1/2008,103.55
10/2/2008,100.575
10/3/2008,100.675
10/6/2008,97.675
10/7/2008,99.2
10/8/2008,98.9
10/9/2008,98.45
10/10/2008,95.45
10/13/2008,96.95
10/14/2008,97.2
10/15/2008,96.4
10/16/2008,96.8
10/17/2008,98.4
10/20/2008,98.65
10/21/2008,99.275
10/22/2008,98.975
10/23/2008,97.775
10/24/2008,96.15
10/27/2008,95.9
10/28/2008,95.55
10/29/2008,95.8
10/30/2008,96.075
10/31/2008,98.625
11/3/2008,99.7
11/4/2008,100.5
11/5/2008,100.65
11/6/2008,98.875
11/7/2008,98.95
11/10/2008,99
11/11/2008,98.2
11/12/2008,96.85
11/13/2008,97.175
11/14/2008,96.7
11/17/2008,96.025
11/18/2008,95.75
11/19/2008,95.575
11/20/2008,94.8
11/21/2008,89.4
11/24/2008,91.4
11/25/2008,91.4
11/26/2008,92.2
11/27/2008,92.2
11/28/2008,91.7
12/1/2008,89.625
12/2/2008,89
12/3/2008,88.35
12/4/2008,88.1
12/5/2008,86.65
12/8/2008,87.9
12/9/2008,86.55
12/10/2008,87.35
12/11/2008,87.6
12/12/2008,87.175
12/15/2008,88.125
12/16/2008,91.125
12/17/2008,93.45
12/18/2008,92.4
12/19/2008,93.5
12/22/2008,93.375
12/23/2008,93.6
12/24/2008,94.875
12/25/2008,94.875
12/26/2008,92.825
12/29/2008,93.45
12/30/2008,93.975
12/31/2008,94.05
1/1/2009,94.05
1/2/2009,95.6
1/5/2009,97
1/6/2009,96.125
1/7/2009,94.5
1/8/2009,93.5
1/9/2009,94.1
1/12/2009,95.2
1/13/2009,96.35
1/14/2009,95.7
1/15/2009,95
1/16/2009,95
1/19/2009,95
1/20/2009,93
1/21/2009,92.875
1/22/2009,93.475
1/23/2009,93.65
1/26/2009,93.75
1/27/2009,94.1
1/28/2009,94.2
1/29/2009,94.275
1/30/2009,91
2/2/2009,94
2/3/2009,93.425
2/4/2009,93.425
2/5/2009,94.125
2/6/2009,94.35
2/9/2009,95.55
2/10/2009,95.7
2/11/2009,95.4
2/12/2009,95.15
2/13/2009,94.475
2/16/2009,94.475
2/17/2009,91.625
2/18/2009,89.025
2/19/2009,90.625
2/20/2009,88.375
2/23/2009,88.75
2/24/2009,90.75
2/25/2009,90.6
2/26/2009,92.3
2/27/2009,92.6
3/2/2009,91.45
3/3/2009,91.975
3/4/2009,93.025
3/5/2009,92.2
3/6/2009,90.5
3/9/2009,90.725
3/10/2009,90.55
3/11/2009,90
3/12/2009,90.9
3/13/2009,91.95
3/16/2009,91.7
3/17/2009,92.6
3/18/2009,93.075
3/19/2009,94.25
3/20/2009,93.675
3/23/2009,94
3/24/2009,94
3/25/2009,93.75
3/26/2009,93.4
3/27/2009,93.125
3/30/2009,92.2
3/31/2009,93.175
4/1/2009,93.3
4/2/2009,94.475
4/3/2009,95.4
4/6/2009,95.95
4/7/2009,96.225
4/8/2009,96.575
4/9/2009,98.15
4/10/2009,98.15
4/13/2009,98.95
4/14/2009,98.075
4/15/2009,99.575
4/16/2009,98.825
4/17/2009,99.175
4/20/2009,98.55
4/21/2009,99.5
4/22/2009,99.575
4/23/2009,99.55
4/24/2009,99.75
4/27/2009,99.45
4/28/2009,99.35
4/29/2009,99.55
4/30/2009,99.575
5/1/2009,97.45
5/4/2009,97.4
5/5/2009,97.425
5/6/2009,97.7
5/7/2009,98.2
5/8/2009,99.35
5/11/2009,99.55
5/12/2009,99.325
5/13/2009,98.95
5/14/2009,99.25
5/15/2009,99
5/18/2009,99
5/19/2009,98.85
5/20/2009,98.9
5/21/2009,98.9
5/22/2009,101.925
5/25/2009,101.925
5/26/2009,102.575
5/27/2009,102.45
5/28/2009,101.825
5/29/2009,101.75
6/1/2009,100.175
6/2/2009,97.175
6/3/2009,96.125
6/4/2009,96.6
6/5/2009,96.625
6/8/2009,95.85
6/9/2009,96.325
6/10/2009,96.175
6/11/2009,96.375
6/12/2009,97.625
6/15/2009,97.2
6/16/2009,96.55
6/17/2009,97.325
6/18/2009,97.8
6/19/2009,98.1
6/22/2009,98.925
6/23/2009,99.7
6/24/2009,98.95
6/25/2009,98.95
6/26/2009,98.975
6/29/2009,101.725
6/30/2009,102.825
7/1/2009,103.775
7/2/2009,103.45
7/3/2009,103.45
7/6/2009,103.8
7/7/2009,102.65
7/8/2009,101.65
7/9/2009,102.95
7/10/2009,102.925
7/13/2009,103.8
7/14/2009,103.125
7/15/2009,103.05
7/16/2009,103.9
7/17/2009,104.6
7/20/2009,104.475
7/21/2009,103.25
7/22/2009,103.125
7/23/2009,102.375
7/24/2009,102.55
7/27/2009,102.4
7/28/2009,102.85
7/29/2009,102.025
7/30/2009,102.125
7/31/2009,102.35
8/3/2009,102
8/4/2009,100.95
8/5/2009,101.35
8/6/2009,101.1
8/7/2009,101.35
8/10/2009,100.425
8/11/2009,100.1
8/12/2009,99.85
8/13/2009,100.05
8/14/2009,100.7
8/17/2009,100.675
8/18/2009,101.15
8/19/2009,101.05
8/20/2009,101.05
8/21/2009,100.15
8/24/2009,100.1
8/25/2009,99.95
8/26/2009,99.8
8/27/2009,99.5
8/28/2009,98.15
8/31/2009,97.25
9/1/2009,97
9/2/2009,98.6
9/3/2009,98.5
9/4/2009,98.95
9/7/2009,98.95
9/8/2009,99.05
9/9/2009,99.8
9/10/2009,99.5
9/11/2009,99.175
9/14/2009,98.85
9/15/2009,98.55
9/16/2009,98.275
9/17/2009,96.65
9/18/2009,97.25
9/21/2009,97.15
9/22/2009,96.75
9/23/2009,96.85
9/24/2009,97
9/25/2009,96.6
9/28/2009,96.45
9/29/2009,95.8
9/30/2009,96.5
10/1/2009,94.95
10/2/2009,93.55
10/5/2009,93.35
10/6/2009,92.85
10/7/2009,93.35
10/8/2009,93.975
10/9/2009,94.175
10/12/2009,94.025
10/13/2009,93.05
10/14/2009,93.725
10/15/2009,94.125
10/16/2009,94.55
10/19/2009,94.8
10/20/2009,94.25
10/21/2009,94.5
10/22/2009,94.45
10/23/2009,94.25
10/26/2009,93.85
10/27/2009,93.85
10/28/2009,93.65
10/29/2009,93.275
10/30/2009,94.8
11/2/2009,95.125
11/3/2009,94.675
11/4/2009,95.375
11/5/2009,95.6
11/6/2009,94.65
11/9/2009,94.25
11/10/2009,93.875
11/11/2009,93.325
11/12/2009,92.95
11/13/2009,93.15
11/16/2009,93.1
11/17/2009,93.15
11/18/2009,92.95
11/19/2009,93.025
11/20/2009,92.675
11/23/2009,92.875
11/24/2009,93.225
11/25/2009,93.3
11/26/2009,93.3
11/27/2009,92.5
11/30/2009,92.95
12/1/2009,93.475
12/2/2009,93.95
12/3/2009,93.1
12/4/2009,93.35
12/7/2009,92.85
12/8/2009,92.05
12/9/2009,91.05
12/10/2009,90.725
12/11/2009,91.575
12/14/2009,91.9
12/15/2009,93.025
12/16/2009,92.85
12/17/2009,93.975
12/18/2009,94.725
12/21/2009,94.55
12/22/2009,94.425
12/23/2009,95.45
12/24/2009,94.625
12/25/2009,94.625
12/28/2009,95.525
12/29/2009,94.975
12/30/2009,95.125
12/31/2009,95.85
1/1/2010,95.85
1/4/2010,95.875
1/5/2010,96.55
1/6/2010,96.3
1/7/2010,96.45
1/8/2010,96.35
1/11/2010,96.275
1/12/2010,97.8
1/13/2010,97.3
1/14/2010,97.525
1/15/2010,97.975
1/18/2010,97.975
1/19/2010,98.25
1/20/2010,97.925
1/21/2010,97.425
1/22/2010,97.1
1/25/2010,96.525
1/26/2010,96.65
1/27/2010,96.65
1/28/2010,96.8
1/29/2010,98.875
2/1/2010,97.725
2/2/2010,97.225
2/3/2010,97.4
2/4/2010,97.25
2/5/2010,98.325
2/8/2010,99.225
2/9/2010,99.975
2/10/2010,100.25
2/11/2010,100.5
2/12/2010,99.75
2/15/2010,99.75
2/16/2010,101.125
2/17/2010,101.575
2/18/2010,102.475
2/19/2010,102.6
2/22/2010,101.825
2/23/2010,101.15
2/24/2010,101.15
2/25/2010,100.9
2/26/2010,101.05
3/1/2010,102.1
3/2/2010,102.375
3/3/2010,102.5
3/4/2010,102.525
3/5/2010,102.2
3/8/2010,102.525
3/9/2010,102.35
3/10/2010,102
3/11/2010,101.925
3/12/2010,103
3/15/2010,102.9
3/16/2010,102.95
3/17/2010,103.275
3/18/2010,104.625
3/19/2010,104.8
3/22/2010,104.7
3/23/2010,105.375
3/24/2010,106.1
3/25/2010,106.1
3/26/2010,107.2
3/29/2010,108.375
3/30/2010,108.725
3/31/2010,110.425
4/1/2010,110.375
4/2/2010,110.375
4/5/2010,112.65
4/6/2010,112.2
4/7/2010,113.05
4/8/2010,112.875
4/9/2010,114.525
4/12/2010,114.025
4/13/2010,113.3
4/14/2010,111.85
4/15/2010,112.25
4/16/2010,111.95
4/19/2010,112.05
4/20/2010,111.65
4/21/2010,112.05
4/22/2010,112.125
4/23/2010,112.2
4/26/2010,113
4/27/2010,113.2
4/28/2010,113.275
4/29/2010,113.5
4/30/2010,112.8
5/3/2010,113.4
5/4/2010,113.425
5/5/2010,113.9
5/6/2010,113.35
5/7/2010,112.425
5/10/2010,112.625
5/11/2010,112.1
5/12/2010,111.5
5/13/2010,111.725
5/14/2010,110.225
5/17/2010,109.65
5/18/2010,109.75
5/19/2010,110.35
5/20/2010,108.8
5/21/2010,108.75
5/24/2010,108.075
5/25/2010,108
5/26/2010,108.475
5/27/2010,108.55
5/28/2010,108.425
5/31/2010,108.425
6/1/2010,109.475
6/2/2010,109.65
6/3/2010,109.675
6/4/2010,108.875
6/7/2010,108.4
6/8/2010,108.85
6/9/2010,109.225
6/10/2010,110.225
6/11/2010,110.075
6/14/2010,110.425
6/15/2010,110.975
6/16/2010,110.9
6/17/2010,110.15
6/18/2010,110.175
6/21/2010,111.7
6/22/2010,111.825
6/23/2010,111.9
6/24/2010,112.675
6/25/2010,113.2
6/28/2010,113.975
6/29/2010,112.875
6/30/2010,113.05
7/1/2010,112.6
7/2/2010,112.675
7/5/2010,112.675
7/6/2010,113.525
7/7/2010,113.55
7/8/2010,113.6
7/9/2010,113.2
7/12/2010,112.675
7/13/2010,113.625
7/14/2010,113.625
7/15/2010,113.375
7/16/2010,113.1
7/19/2010,114.425
7/20/2010,114.475
7/21/2010,114.65
7/22/2010,114.9
7/23/2010,115.175
7/26/2010,114.95
7/27/2010,114.9
7/28/2010,114.525
7/29/2010,113.725
7/30/2010,113.725
8/2/2010,112.6
8/3/2010,113
8/4/2010,113.6
8/5/2010,112.7
8/6/2010,112.4
8/9/2010,112.275
8/10/2010,112.125
8/11/2010,112.55
8/12/2010,111.975
8/13/2010,111.7
8/16/2010,112.7
8/17/2010,113.25
8/18/2010,113.7
8/19/2010,114.05
8/20/2010,114.6
8/23/2010,114.75
8/24/2010,114.6
8/25/2010,114.75
8/26/2010,114.925
8/27/2010,116.275
8/30/2010,115.1
8/31/2010,114.1
9/1/2010,113.875
9/2/2010,114.75
9/3/2010,114.175
9/6/2010,114.175
9/7/2010,111.925
9/8/2010,112.1
9/9/2010,111.425
9/10/2010,111.7
9/13/2010,112.35
9/14/2010,112.15
9/15/2010,111.8
9/16/2010,112.225
9/17/2010,111.825
9/20/2010,110.65
9/21/2010,110.5
9/22/2010,109.25
9/23/2010,109.1
9/24/2010,109.5
9/27/2010,109.875
9/28/2010,110
9/29/2010,109.475
9/30/2010,109.925
10/1/2010,111.8
10/4/2010,110.5
10/5/2010,109.55
10/6/2010,109.2
10/7/2010,108.925
10/8/2010,107.725
10/11/2010,107.15
10/12/2010,107.475
10/13/2010,108.075
10/14/2010,108.1
10/15/2010,108.75
10/18/2010,108.8
10/19/2010,109.625
10/20/2010,109.4
10/21/2010,110.7
10/22/2010,111.2
10/25/2010,111.1
10/26/2010,111.3
10/27/2010,111.3
10/28/2010,110.925
10/29/2010,110.325
11/1/2010,110.35
11/2/2010,111.55
11/3/2010,110.875
11/4/2010,110.125
11/5/2010,110.6
11/8/2010,111.25
11/9/2010,111.9
11/10/2010,112.8
11/11/2010,112.65
11/12/2010,112.4
11/15/2010,112.4
11/16/2010,112.15
11/17/2010,112.2
11/18/2010,112.45
11/19/2010,117.4
11/22/2010,117.4
11/23/2010,117.825
11/24/2010,118.275
11/25/2010,118.275
11/26/2010,118.75
11/29/2010,118.4
11/30/2010,119.175
12/1/2010,118.4
12/2/2010,118.675
12/3/2010,118.675
12/6/2010,118.5
12/7/2010,117.225
12/8/2010,118.175
12/9/2010,118.075
12/10/2010,118.175
12/13/2010,119.2
12/14/2010,117.95
12/15/2010,117.65
12/16/2010,118.375
12/17/2010,119.025
12/20/2010,120.725
12/21/2010,121.35
12/22/2010,121.675
12/23/2010,121.45
12/24/2010,121.45
12/27/2010,120.7
12/28/2010,120.7
12/29/2010,120.85
12/30/2010,120.825
12/31/2010,121.875
1/3/2011,121.25
1/4/2011,121
1/5/2011,120.975
1/6/2011,121.925
1/7/2011,121.6
1/10/2011,122.3
1/11/2011,123.45
1/12/2011,124.025
1/13/2011,124.9
1/14/2011,125.6
1/17/2011,125.6
1/18/2011,127.3
1/19/2011,127
1/20/2011,126.3
1/21/2011,126.35
1/24/2011,126.35
1/25/2011,125.975
1/26/2011,126.35
1/27/2011,126.15
1/28/2011,126.225
1/31/2011,128
2/1/2011,127.475
2/2/2011,125.8
2/3/2011,125.5
2/4/2011,125
2/7/2011,124.575
2/8/2011,124.25
2/9/2011,122.925
2/10/2011,124.825
2/11/2011,126.025
2/14/2011,128.375
2/15/2011,128.525
2/16/2011,130.475
2/17/2011,130.6
2/18/2011,130.075
2/21/2011,130.075
2/22/2011,129.2
2/23/2011,128.85
2/24/2011,129.4
2/25/2011,129.825
2/28/2011,130.075
3/1/2011,128.9
3/2/2011,129.375
3/3/2011,129.975
3/4/2011,129.95
3/7/2011,129.8
3/8/2011,131.175
3/9/2011,132.2
3/10/2011,131.8
3/11/2011,131.55
3/14/2011,130.9
3/15/2011,127.9
3/16/2011,126.5
3/17/2011,127.7
3/18/2011,128
3/21/2011,129.3
3/22/2011,130
3/23/2011,129.95
3/24/2011,130.8
3/25/2011,131.9
3/28/2011,132.3
3/29/2011,132.7
3/30/2011,133.55
3/31/2011,134.025
4/1/2011,138.1
4/4/2011,137.75
4/5/2011,137.1
4/6/2011,135.7
4/7/2011,135.125
4/8/2011,134.6
4/11/2011,133.875
4/12/2011,131.8
4/13/2011,131.975
4/14/2011,133.1
4/15/2011,132.15
4/18/2011,132.625
4/19/2011,132.85
4/20/2011,132.7
4/21/2011,132.275
4/22/2011,132.275
4/25/2011,129.975
4/26/2011,128.75
4/27/2011,130.4
4/28/2011,131.375
4/29/2011,131.9
5/2/2011,131.05
5/3/2011,129.325
5/4/2011,129.275
5/5/2011,128.625
5/6/2011,129.125
5/9/2011,128
5/10/2011,128.075
5/11/2011,128.825
5/12/2011,129.525
5/13/2011,128.7
5/16/2011,127.95
5/17/2011,127.65
5/18/2011,127.1
5/19/2011,125.5
5/20/2011,125.45
5/23/2011,123.8
5/24/2011,123.95
5/25/2011,124.675
5/26/2011,124.95
5/27/2011,122.725
5/30/2011,122.725
5/31/2011,124.375
6/1/2011,123.875
6/2/2011,123.875
6/3/2011,124.25
6/6/2011,124.1
6/7/2011,125.125
6/8/2011,124.8
6/9/2011,125.325
6/10/2011,123.625
6/13/2011,124.775
6/14/2011,127.25
6/15/2011,126.975
6/16/2011,129.975
6/17/2011,132.65
6/20/2011,135.5
6/21/2011,137.825
6/22/2011,138
6/23/2011,137.85
6/24/2011,138.6
6/27/2011,137.225
6/28/2011,137.875
6/29/2011,137.775
6/30/2011,138.075
7/1/2011,140.475
7/4/2011,140.475
7/5/2011,141.275
7/6/2011,140.95
7/7/2011,143.9
7/8/2011,143.6
7/11/2011,143.35
7/12/2011,142.025
7/13/2011,139.9
7/14/2011,136.925
7/15/2011,135.7
7/18/2011,134.575
7/19/2011,135.575
7/20/2011,134.925
7/21/2011,135.2
7/22/2011,136.4
7/25/2011,136.05
7/26/2011,136.1
7/27/2011,135.375
7/28/2011,135.8
7/29/2011,137.05
8/1/2011,136.825
8/2/2011,135
8/3/2011,134.35
8/4/2011,133.15
8/5/2011,133.7
8/8/2011,132.575
8/9/2011,133.225
8/10/2011,133.3
8/11/2011,134.6
8/12/2011,135.85
8/15/2011,135.65
8/16/2011,135.575
8/17/2011,134.5
8/18/2011,132.775
8/19/2011,133.3
8/22/2011,133.475
8/23/2011,133.725
8/24/2011,133.5
8/25/2011,133.675
8/26/2011,132.6
8/29/2011,132.325
8/30/2011,132.625
8/31/2011,132.45
9/1/2011,132.75
9/2/2011,132.65
9/5/2011,132.65
9/6/2011,133.8
9/7/2011,133.925
9/8/2011,133.95
9/9/2011,133.225
9/12/2011,133.4
9/13/2011,134.875
9/14/2011,136.7
9/15/2011,135.6
9/16/2011,135.3
9/19/2011,134.5
9/20/2011,134.35
9/21/2011,133.95
9/22/2011,132.05
9/23/2011,132.1
9/26/2011,132.9
9/27/2011,132.6
9/28/2011,132.65
9/29/2011,132.975
9/30/2011,140.525
10/3/2011,141
10/4/2011,138.9
10/5/2011,139.35
10/6/2011,139.1
10/7/2011,139.625
10/10/2011,139
10/11/2011,138.475
10/12/2011,138.225
10/13/2011,138.7
10/14/2011,139.9
10/17/2011,140.15
10/18/2011,139.75
10/19/2011,139.2
10/20/2011,139.275
10/21/2011,139.4
10/24/2011,139.85
10/25/2011,139.65
10/26/2011,139.725
10/27/2011,139.925
10/28/2011,141.1
10/31/2011,140.05
11/1/2011,142.85
11/2/2011,142.3
11/3/2011,142.05
11/4/2011,142.575
11/7/2011,142.025
11/8/2011,141.55
11/9/2011,141.55
11/10/2011,142.075
11/11/2011,142.15
11/14/2011,142.525
11/15/2011,143.5
11/16/2011,143.4
11/17/2011,143.125
11/18/2011,147.425
11/21/2011,146.175
11/22/2011,147.025
11/23/2011,145.8
11/24/2011,145.8
11/25/2011,144.625
11/28/2011,144.725
11/29/2011,144.825
11/30/2011,146.025
12/1/2011,146.1
12/2/2011,147.075
12/5/2011,144.3
12/6/2011,142.125
12/7/2011,142.725
12/8/2011,142.475
12/9/2011,142.1
12/12/2011,143
12/13/2011,143.9
12/14/2011,143.75
12/15/2011,143.975
12/16/2011,143.05
12/19/2011,144.675
12/20/2011,144.325
12/21/2011,144.375
12/22/2011,146.875
12/23/2011,147.625
12/26/2011,147.625
12/27/2011,147.15
12/28/2011,147.2
12/29/2011,146.875
12/30/2011,146.35
1/2/2012,146.35
1/3/2012,146.675
1/4/2012,147.75
1/5/2012,147.875
1/6/2012,147.3
1/9/2012,147.8
1/10/2012,148.85
1/11/2012,148.675
1/12/2012,149.475
1/13/2012,150.575
1/16/2012,150.575
1/17/2012,150.65
1/18/2012,150.925
1/19/2012,151.7
1/20/2012,151.625
1/23/2012,151.9
1/24/2012,152.325
1/25/2012,152.525
1/26/2012,153
1/27/2012,154.6
1/30/2012,154.35
1/31/2012,155.525
2/1/2012,155.85
2/2/2012,155.375
2/3/2012,154.45
2/6/2012,154.125
2/7/2012,155
2/8/2012,155.275
2/9/2012,155.15
2/10/2012,153.625
2/13/2012,154.725
2/14/2012,156.25
2/15/2012,156.625
2/16/2012,156.825
2/17/2012,158.425
2/20/2012,158.425
2/21/2012,158.6
2/22/2012,158.425
2/23/2012,157.65
2/24/2012,157.675
2/27/2012,156.45
2/28/2012,155.75
2/29/2012,157.225
3/1/2012,158.575
3/2/2012,158.1
3/5/2012,156.45
3/6/2012,154.15
3/7/2012,153.9
3/8/2012,154.975
3/9/2012,153.925
3/12/2012,154.35
3/13/2012,155.525
3/14/2012,155.2
3/15/2012,154.375
3/16/2012,153.4
3/19/2012,152.95
3/20/2012,152.725
3/21/2012,153.3
3/22/2012,153.45
3/23/2012,153.3
3/26/2012,153.65
3/27/2012,153.825
3/28/2012,153.8
3/29/2012,154.25
3/30/2012,148.825
4/2/2012,149.525
4/3/2012,149.25
4/4/2012,148.675
4/5/2012,148.725
4/6/2012,148.725
4/9/2012,148.15
4/10/2012,147.075
4/11/2012,148.6
4/12/2012,151.1
4/13/2012,150.525
4/16/2012,150.35
4/17/2012,151.35
4/18/2012,151.4
4/19/2012,150.875
4/20/2012,150.125
4/23/2012,149.425
4/24/2012,148.4
4/25/2012,148.85
4/26/2012,149.1
4/27/2012,148.775
4/30/2012,149.825
5/1/2012,150.175
5/2/2012,149.975
5/3/2012,152.625
5/4/2012,152.55
5/7/2012,152.775
5/8/2012,151.375
5/9/2012,150.65
5/10/2012,150.35
5/11/2012,149.7
5/14/2012,149.425
5/15/2012,149.425
5/16/2012,149.85
5/17/2012,150.625
5/18/2012,151.3
5/21/2012,151.875
5/22/2012,152.525
5/23/2012,152.425
5/24/2012,152.4
5/25/2012,158.5
5/28/2012,158.5
5/29/2012,157.575
5/30/2012,156.075
5/31/2012,156.8
6/1/2012,157.375
6/4/2012,158.475
6/5/2012,159.175
6/6/2012,157.95
6/7/2012,159.1
6/8/2012,159.375
6/11/2012,160.25
6/12/2012,161.15
6/13/2012,158.35
6/14/2012,156.2
6/15/2012,156.025
6/18/2012,156.125
6/19/2012,153.6
6/20/2012,152.75
6/21/2012,152.65
6/22/2012,152.8
6/25/2012,149.8
6/26/2012,147.7
6/27/2012,148.85
6/28/2012,150.45
6/29/2012,151.45
7/2/2012,149.65
7/3/2012,147.4
7/4/2012,147.4
7/5/2012,145.95
7/6/2012,146.525
7/9/2012,144.275
7/10/2012,143.35
7/11/2012,144.225
7/12/2012,141.225
7/13/2012,139
7/16/2012,136
7/17/2012,134.2
7/18/2012,137.2
7/19/2012,139.1
7/20/2012,136.1
7/23/2012,135.65
7/24/2012,137.675
7/25/2012,134.675
7/26/2012,136
7/27/2012,137.75
7/30/2012,138.25
7/31/2012,138.625
8/1/2012,139.775
8/2/2012,139.75
8/3/2012,138.95
8/6/2012,138.425
8/7/2012,138.65
8/8/2012,139.775
8/9/2012,139.1
8/10/2012,139.475
8/13/2012,141.45
8/14/2012,142.925
8/15/2012,142.075
8/16/2012,140.325
8/17/2012,140.425
8/20/2012,140.55
8/21/2012,139.8
8/22/2012,140.225
8/23/2012,141.275
8/24/2012,140.5
8/27/2012,140.275
8/28/2012,140.3
8/29/2012,140.4
8/30/2012,140.175
8/31/2012,144.6
9/3/2012,144.6
9/4/2012,145
9/5/2012,145.05
9/6/2012,144.625
9/7/2012,144.3
9/10/2012,144.95
9/11/2012,144.65
9/12/2012,144.95
9/13/2012,145
9/14/2012,145
9/17/2012,145.325
9/18/2012,145.275
9/19/2012,144.825
9/20/2012,144.125
9/21/2012,143.8
9/24/2012,143.775
9/25/2012,143.2
9/26/2012,143.45
9/27/2012,143.275
9/28/2012,143.8
10/1/2012,144.675
10/2/2012,145.375
10/3/2012,145.3
10/4/2012,144.475
10/5/2012,144.825
10/8/2012,144.825
10/9/2012,144.7
10/10/2012,144.725
10/11/2012,142.75
10/12/2012,143.1
10/15/2012,144.35
10/16/2012,146.1
10/17/2012,146.95
10/18/2012,146.85
10/19/2012,146.15
10/22/2012,145.675
10/23/2012,145.425
10/24/2012,145.425
10/25/2012,145.3
10/26/2012,145.325
10/29/2012,145.925
10/30/2012,147.05
10/31/2012,146.3
11/1/2012,144.65
11/2/2012,144.9
11/5/2012,144.9
11/6/2012,144.85
11/7/2012,144.2
11/8/2012,144.5
11/9/2012,144.2
11/12/2012,144
11/13/2012,143.525
11/14/2012,143.2
11/15/2012,143.4
11/16/2012,145.6
11/19/2012,146
11/20/2012,146.05
11/21/2012,147.375
11/22/2012,147.375
11/23/2012,147.875
11/26/2012,147.35
11/27/2012,146.925
11/28/2012,146.075
11/29/2012,146.75
11/30/2012,145.625
12/3/2012,145.6
12/4/2012,145.575
12/5/2012,146.4
12/6/2012,148.25
12/7/2012,148.775
12/10/2012,149.775
12/11/2012,152.075
12/12/2012,152.75
12/13/2012,153.125
12/14/2012,153.075
12/17/2012,154.25
12/18/2012,152.2
12/19/2012,153.475
12/20/2012,152.275
12/21/2012,152.15
12/24/2012,151.5
12/25/2012,151.5
12/26/2012,152.075
12/27/2012,151.275
12/28/2012,152.025
12/31/2012,151.4
1/1/2013,151.4
1/2/2013,151.2
1/3/2013,152.35
1/4/2013,153.175
1/7/2013,153.25
1/8/2013,152.725
1/9/2013,151.5
1/10/2013,150.85
1/11/2013,149.875
1/14/2013,149.45
1/15/2013,148.325
1/16/2013,147.075
1/17/2013,144.4
1/18/2013,143.9
1/21/2013,143.9
1/22/2013,144.4
1/23/2013,144.2
1/24/2013,144.6
1/25/2013,144.7
1/28/2013,145.8
1/29/2013,145.8
1/30/2013,145.825
1/31/2013,146.3
2/1/2013,149.2
2/4/2013,148.875
2/5/2013,148.525
2/6/2013,147.55
2/7/2013,147.2
2/8/2013,145
2/11/2013,144.8
2/12/2013,143.25
2/13/2013,141.35
2/14/2013,142.675
2/15/2013,143.375
2/18/2013,143.375
2/19/2013,143.175
2/20/2013,140.725
2/21/2013,140.7
2/22/2013,141.25
2/25/2013,140.8
2/26/2013,141.175
2/27/2013,141.45
2/28/2013,142
3/1/2013,141.55
3/4/2013,142.525
3/5/2013,141.75
3/6/2013,140.925
3/7/2013,140.475
3/8/2013,138.975
3/11/2013,138.2
3/12/2013,138.8
3/13/2013,139
3/14/2013,138.275
3/15/2013,136.675
3/18/2013,136.7
3/19/2013,136
3/20/2013,135.1
3/21/2013,135.15
3/22/2013,134.65
3/25/2013,134.725
3/26/2013,134.85
3/27/2013,135.275
3/28/2013,135.525
3/29/2013,135.525
4/1/2013,145.525
4/2/2013,144.725
4/3/2013,144.55
4/4/2013,143.9
4/5/2013,142.575
4/8/2013,142.75
4/9/2013,142.625
4/10/2013,140.5
4/11/2013,139.225
4/12/2013,137.925
4/15/2013,136.6
4/16/2013,136.95
4/17/2013,136.525
4/18/2013,134.45
4/19/2013,134.025
4/22/2013,133.625
4/23/2013,133.75
4/24/2013,133.75
4/25/2013,134.025
4/26/2013,141.8
4/29/2013,140.425
4/30/2013,139.55
5/1/2013,139.5
5/2/2013,140.6
5/3/2013,138.775
5/6/2013,138.4
5/7/2013,136.875
5/8/2013,135.6
5/9/2013,135.75
5/10/2013,135.375
5/13/2013,134.85
5/14/2013,135.5
5/15/2013,135.075
5/16/2013,135.025
5/17/2013,133.9
5/20/2013,132.525
5/21/2013,131.9
5/22/2013,131.625
5/23/2013,131.625
5/24/2013,131.625
5/27/2013,131.625
5/28/2013,145.475
5/29/2013,145.625
5/30/2013,144.175
5/31/2013,144.325
6/3/2013,144.425
6/4/2013,145.575
6/5/2013,144.6
6/6/2013,144.65
6/7/2013,143.625
6/10/2013,143.425
6/11/2013,144.675
6/12/2013,145.925
6/13/2013,145.475
6/14/2013,143.4
6/17/2013,144.525
6/18/2013,143.8
6/19/2013,144.65
6/20/2013,144.425
6/21/2013,146.925
6/24/2013,147.675
6/25/2013,147.875
6/26/2013,148.925
6/27/2013,149.7
6/28/2013,149.45
7/1/2013,151.225
7/2/2013,150.9
7/3/2013,150.95
7/4/2013,150.95
7/5/2013,151.8
7/8/2013,151.6
7/9/2013,151.15
7/10/2013,150.55
7/11/2013,150.125
7/12/2013,150.125
7/15/2013,152.65
7/16/2013,152.55
7/17/2013,150.975
7/18/2013,152.075
7/19/2013,152.25
7/22/2013,152.925
7/23/2013,153.6
7/24/2013,153.025
7/25/2013,152.35
7/26/2013,152.6
7/29/2013,153.275
7/30/2013,153.25
7/31/2013,153.425
8/1/2013,153.75
8/2/2013,153.725
8/5/2013,153.975
8/6/2013,154.25
8/7/2013,152.575
8/8/2013,154.25
8/9/2013,153.85
8/12/2013,153.5
8/13/2013,153.85
8/14/2013,153.6
8/15/2013,154.1
8/16/2013,154.775
8/19/2013,154.9
8/20/2013,155.4
8/21/2013,155.575
8/22/2013,155.45
8/23/2013,155
8/26/2013,154.4
8/27/2013,154.725
8/28/2013,154.725
8/29/2013,155.05
8/30/2013,156.925
9/2/2013,156.925
9/3/2013,157.175
9/4/2013,157.025
9/5/2013,156.75
9/6/2013,156.575
9/9/2013,156.6
9/10/2013,156.4
9/11/2013,156.375
9/12/2013,157.025
9/13/2013,157.3
9/16/2013,157.6
9/17/2013,156.6
9/18/2013,157.15
9/19/2013,157.15
9/20/2013,157.1
9/23/2013,157.625
9/24/2013,157.95
9/25/2013,158.675
9/26/2013,159.55
9/27/2013,164.125
9/30/2013,164.1
10/1/2013,164.4
10/2/2013,164.575
10/3/2013,164.1
10/4/2013,164.45
10/7/2013,164
10/8/2013,164.8
10/9/2013,164.55
10/10/2013,165.925
10/11/2013,167.475
10/14/2013,167.375
10/15/2013,165.7
10/16/2013,166
10/17/2013,165.85
10/18/2013,166.075
10/21/2013,165.825
10/22/2013,166.05
10/23/2013,166.15
10/24/2013,165.55
10/25/2013,165.55
10/28/2013,165.975
10/29/2013,165.425
10/30/2013,165.225
10/31/2013,165.325
11/1/2013,163.5
11/4/2013,163.6
11/5/2013,164.775
11/6/2013,164.85
11/7/2013,164.625
11/8/2013,164.425
11/11/2013,164.2
11/12/2013,164.65
11/13/2013,164.85
11/14/2013,165.025
11/15/2013,165.15
11/18/2013,164.85
11/19/2013,164.375
11/20/2013,164.575
11/21/2013,164.8
11/22/2013,163.5
11/25/2013,162.8
11/26/2013,164.375
11/27/2013,165.325
11/28/2013,165.325
11/29/2013,165.475
12/2/2013,165.35
12/3/2013,164.85
12/4/2013,165.05
12/5/2013,164.125
12/6/2013,164.475
12/9/2013,165.15
12/10/2013,165.55
12/11/2013,165.675
12/12/2013,167.075
12/13/2013,167.075
12/16/2013,168.4
12/17/2013,167.15
12/18/2013,166.05
12/19/2013,166.8
12/20/2013,166.975
12/23/2013,166.675
12/24/2013,166.25
12/25/2013,166.25
12/26/2013,166.6
12/27/2013,167
12/30/2013,167.275
12/31/2013,166.7
1/1/2014,166.7
1/2/2014,167
1/3/2014,167.625
1/6/2014,168.025
1/7/2014,168.05
1/8/2014,168.475
1/9/2014,169.15
1/10/2014,168.65
1/13/2014,167.825
1/14/2014,168.6
1/15/2014,169.4
1/16/2014,169.8
1/17/2014,170
1/20/2014,170
1/21/2014,169.8
1/22/2014,170.475
1/23/2014,170.375
1/24/2014,170.7
1/27/2014,170.975
1/28/2014,171.425
1/29/2014,171.8
1/30/2014,171.675
1/31/2014,169.425
2/3/2014,168
2/4/2014,166.975
2/5/2014,166.925
2/6/2014,167
2/7/2014,167.8
2/10/2014,167.9
2/11/2014,168.775
2/12/2014,168.5
2/13/2014,170.725
2/14/2014,170.475
2/17/2014,170.475
2/18/2014,171.7
2/19/2014,171.175
2/20/2014,171.125
2/21/2014,170.7
2/24/2014,170.2
2/25/2014,171.075
2/26/2014,172
2/27/2014,171.825
2/28/2014,171.7
3/3/2014,171.775
3/4/2014,172.9
3/5/2014,172.225
3/6/2014,171.4
3/7/2014,172.375
3/10/2014,173.7
3/11/2014,173.925
3/12/2014,173.975
3/13/2014,173.975
3/14/2014,174.6
3/17/2014,174.75
3/18/2014,174.125
3/19/2014,174.4
3/20/2014,173.625
3/21/2014,175.025
3/24/2014,176.7
3/25/2014,177.225
3/26/2014,177.95
3/27/2014,178.55
3/28/2014,178.35
3/31/2014,177.025
4/1/2014,176.45
4/2/2014,177.225
4/3/2014,178.825
4/4/2014,177.7
4/7/2014,177.5
4/8/2014,178.3
4/9/2014,178.875
4/10/2014,178.275
4/11/2014,179.5
4/14/2014,180
4/15/2014,179.225
4/16/2014,179.25
4/17/2014,178.55
4/18/2014,178.55
4/21/2014,178.1
4/22/2014,178.35
4/23/2014,178.625
4/24/2014,179.6
4/25/2014,180
4/28/2014,181.1
4/29/2014,180.575
4/30/2014,181.2
5/1/2014,183.95
5/2/2014,183.5
5/5/2014,182.65
5/6/2014,183.475
5/7/2014,183.025
5/8/2014,183.5
5/9/2014,184.575
5/12/2014,184.6
5/13/2014,184.725
5/14/2014,185.4
5/15/2014,186.15
5/16/2014,187.3
5/19/2014,188.475
5/20/2014,189.05
5/21/2014,189.2
5/22/2014,189.075
5/23/2014,192.85
5/26/2014,192.85
5/27/2014,193.5
5/28/2014,195.575
5/29/2014,197.05
5/30/2014,197.05
6/2/2014,197.575
6/3/2014,198.3
6/4/2014,198.775
6/5/2014,199.825
6/6/2014,200.525
6/9/2014,203.525
6/10/2014,205.175
6/11/2014,202.875
6/12/2014,205.85
6/13/2014,208.15
6/16/2014,208.7
6/17/2014,207.85
6/18/2014,204.85
6/19/2014,207.55
6/20/2014,206.875
6/23/2014,207.9
6/24/2014,210.625
6/25/2014,212.125
6/26/2014,215.125
6/27/2014,214.325
6/30/2014,212.775
7/1/2014,215.775
7/2/2014,216.2
7/3/2014,217.625
7/4/2014,217.625
7/7/2014,218
7/8/2014,215.9
7/9/2014,213.6
7/10/2014,210.6
7/11/2014,210.375
7/14/2014,210.675
7/15/2014,211.525
7/16/2014,209.825
7/17/2014,211.6
7/18/2014,211.65
7/21/2014,213.025
7/22/2014,216.025
7/23/2014,217.25
7/24/2014,217.325
7/25/2014,218.25
7/28/2014,220.175
7/29/2014,221.425
7/30/2014,223.025
7/31/2014,220.675
8/1/2014,220.275
8/4/2014,220.975
8/5/2014,221.25
8/6/2014,221.325
8/7/2014,218.325
8/8/2014,215.325
8/11/2014,217.475
8/12/2014,214.55
8/13/2014,214.375
8/14/2014,215.125
8/15/2014,217.225
8/18/2014,218.025
8/19/2014,217.15
8/20/2014,214.95
8/21/2014,215.2
8/22/2014,216.1
8/25/2014,217.4
8/26/2014,217.525
8/27/2014,218.15
8/28/2014,218.525
8/29/2014,218.65
9/1/2014,218.65
9/2/2014,220.25
9/3/2014,222.7
9/4/2014,223.8
9/5/2014,225.725
9/8/2014,227.15
9/9/2014,228.625
9/10/2014,228.85
9/11/2014,228.05
9/12/2014,229.475
9/15/2014,229.25
9/16/2014,229.6
9/17/2014,230.3
9/18/2014,229.9
9/19/2014,230.6
9/22/2014,230.3
9/23/2014,230.9
9/24/2014,231.075
9/25/2014,230.875
9/26/2014,233.1
9/29/2014,234.65
9/30/2014,235.425
10/1/2014,238.425
10/2/2014,241.1
10/3/2014,240.875
10/6/2014,240
10/7/2014,241.475
10/8/2014,242.325
10/9/2014,241.65
10/10/2014,240.5
10/13/2014,241.3
10/14/2014,238.725
10/15/2014,237.4
10/16/2014,240.2
10/17/2014,238.45
10/20/2014,240.75
10/21/2014,238.95
10/22/2014,239.45
10/23/2014,240.225
10/24/2014,237.9
10/27/2014,238.325
10/28/2014,238.275
10/29/2014,238.85
10/30/2014,239.75
10/31/2014,234.15
11/3/2014,235.575
11/4/2014,237.125
11/5/2014,235.775
11/6/2014,236.525
11/7/2014,238.525
11/10/2014,239.025
11/11/2014,238.85
11/12/2014,239.35
11/13/2014,239.35
11/14/2014,240
11/17/2014,240.025
11/18/2014,240.425
11/19/2014,240.55
11/20/2014,240.425
11/21/2014,236.35
11/24/2014,233.35
11/25/2014,231.375
11/26/2014,230.5
11/27/2014,230.5
11/28/2014,231.075
12/1/2014,234.075
12/2/2014,235.55
12/3/2014,234.825
12/4/2014,235.95
12/5/2014,234.875
12/8/2014,231.875
12/9/2014,232.775
12/10/2014,231.6
12/11/2014,228.6
12/12/2014,225.6
12/15/2014,222.6
12/16/2014,219.6
12/17/2014,216.6
12/18/2014,217.075
12/19/2014,220.15
12/22/2014,220.5
12/23/2014,217.125
12/24/2014,214.75
12/25/2014,214.75
12/26/2014,213.725
12/29/2014,217.45
12/30/2014,218.325
12/31/2014,219.45
1/1/2015,219.45
1/2/2015,223.95
1/5/2015,225.675
1/6/2015,224.7
1/7/2015,225.65
1/8/2015,225.625
1/9/2015,222.425
1/12/2015,223.4
1/13/2015,221.55
1/14/2015,220.15
1/15/2015,215.65
1/16/2015,214.1
1/19/2015,214.1
1/20/2015,214.475
1/21/2015,215.7
1/22/2015,215.975
1/23/2015,213.7
1/26/2015,211.65
1/27/2015,210.775
1/28/2015,212.45
1/29/2015,212.4
1/30/2015,205.2
2/2/2015,200.7
2/3/2015,199.5
2/4/2015,196.725
2/5/2015,195.65
2/6/2015,199.45
2/9/2015,203.625
2/10/2015,202.025
2/11/2015,198.75
2/12/2015,200.3
2/13/2015,203.85
2/16/2015,203.85
2/17/2015,201.45
2/18/2015,203.1
2/19/2015,202.55
2/20/2015,199.175
2/23/2015,198.075
2/24/2015,195.6
2/25/2015,196.975
2/26/2015,200.3
2/27/2015,201.9
3/2/2015,204.1
3/3/2015,202.725
3/4/2015,207.225
3/5/2015,206.575
3/6/2015,209.725
3/9/2015,209.7
3/10/2015,212.225
3/11/2015,214.6
3/12/2015,214.675
3/13/2015,213.125
3/16/2015,212.425
3/17/2015,211.575
3/18/2015,214.25
3/19/2015,214.05
3/20/2015,214.875
3/23/2015,216.975
3/24/2015,217.175
3/25/2015,217.7
3/26/2015,217.45
3/27/2015,219.275
3/30/2015,218.625
3/31/2015,218.125
4/1/2015,218.625
4/2/2015,220.375
4/3/2015,220.375
4/6/2015,219.8
4/7/2015,217.675
4/8/2015,216.225
4/9/2015,216.475
4/10/2015,212.45
4/13/2015,212.25
4/14/2015,213.2
4/15/2015,215.225
4/16/2015,215.8
4/17/2015,213
4/20/2015,211.825
4/21/2015,212.65
4/22/2015,212.55
4/23/2015,214.275
4/24/2015,214.85
4/27/2015,214.9
4/28/2015,215.975
4/29/2015,216.525
4/30/2015,217.55
5/1/2015,213.625
5/4/2015,215.15
5/5/2015,215.375
5/6/2015,214.5
5/7/2015,214.9
5/8/2015,215.875
5/11/2015,216.775
5/12/2015,217.7
5/13/2015,218.75
5/14/2015,219.25
5/15/2015,219
5/18/2015,218.975
5/19/2015,219.35
5/20/2015,219.725
5/21/2015,220.1
5/22/2015,219
5/25/2015,219
5/26/2015,219.6
5/27/2015,221.425
5/28/2015,224.95
5/29/2015,222.95
6/1/2015,223.55
6/2/2015,223.325
6/3/2015,221.9
6/4/2015,222.575
6/5/2015,221.9
6/8/2015,222.85
6/9/2015,224.225
6/10/2015,226.775
6/11/2015,226.25
6/12/2015,223.45
6/15/2015,223.9
6/16/2015,224.85
6/17/2015,224.725
6/18/2015,221.925
6/19/2015,223.425
6/22/2015,225.775
6/23/2015,225.35
6/24/2015,223.55
6/25/2015,219.05
6/26/2015,217.25
6/29/2015,219.075
6/30/2015,214.725
7/1/2015,218.5
7/2/2015,217.45
7/3/2015,217.45
7/6/2015,216.975
7/7/2015,217.125
7/8/2015,213.625
7/9/2015,211.75
7/10/2015,211.25
7/13/2015,211.225
7/14/2015,214.3
7/15/2015,215.325
7/16/2015,214.475
7/17/2015,215.2
7/20/2015,216.325
7/21/2015,213.075
7/22/2015,212.375
7/23/2015,209.775
7/24/2015,209.675
7/27/2015,208.75
7/28/2015,211.25
7/29/2015,211.475
7/30/2015,211.225
7/31/2015,210.725
8/3/2015,213.85
8/4/2015,213.95
8/5/2015,214.125
8/6/2015,214.975
8/7/2015,214.125
8/10/2015,214.25
8/11/2015,214.075
8/12/2015,213.875
8/13/2015,214.025
8/14/2015,213.9
8/17/2015,214.4
8/18/2015,214.55
8/19/2015,213.8
8/20/2015,213.2
8/21/2015,212
8/24/2015,210.825
8/25/2015,210.9
8/26/2015,210.275
8/27/2015,210
8/28/2015,202.4
8/31/2015,201.825
9/1/2015,200.275
9/2/2015,200.75
9/3/2015,202.55
9/4/2015,201.35
9/7/2015,201.35
9/8/2015,204.3
9/9/2015,203.825
9/10/2015,203.95
9/11/2015,200.7
9/14/2015,200.15
9/15/2015,198.325
9/16/2015,194.125
9/17/2015,193.2
9/18/2015,192.8
9/21/2015,194.7
9/22/2015,195.7
9/23/2015,194.95
9/24/2015,194.225
9/25/2015,184.6
9/28/2015,185.275
9/29/2015,180.825
9/30/2015,178.175
10/1/2015,177.4
10/2/2015,179.5
10/5/2015,178.125
10/6/2015,182.525
10/7/2015,184.95
10/8/2015,187.875
10/9/2015,188.975
10/12/2015,189.375
10/13/2015,189.7
10/14/2015,190.8
10/15/2015,189.775
10/16/2015,193.8
10/19/2015,195
10/20/2015,194.875
10/21/2015,194.25
10/22/2015,195.55
10/23/2015,195.05
10/26/2015,193.675
10/27/2015,192.6
10/28/2015,193.5
10/29/2015,193.15
10/30/2015,190.9
11/2/2015,192.275
11/3/2015,190.65
11/4/2015,186.15
11/5/2015,181.625
11/6/2015,181.625
11/9/2015,177.125
11/10/2015,171.55
11/11/2015,174.85
11/12/2015,175.375
11/13/2015,175.075
11/16/2015,172.3
11/17/2015,173.475
11/18/2015,174.875
11/19/2015,175.225
11/20/2015,163.65
11/23/2015,165.4
11/24/2015,164.675
11/25/2015,164.975
11/26/2015,164.975
11/27/2015,166.025
11/30/2015,162.75
12/1/2015,164.4
12/2/2015,160.725
12/3/2015,159.75
12/4/2015,159.45
12/7/2015,156.45
12/8/2015,153.85
12/9/2015,150.625
12/10/2015,153.05
12/11/2015,152.125
12/14/2015,148.15
12/15/2015,148.525
12/16/2015,147.7
12/17/2015,144.25
12/18/2015,148.75
12/21/2015,155.5
12/22/2015,158.65
12/23/2015,163.075
12/24/2015,163.475
12/25/2015,163.475
12/28/2015,162.65
12/29/2015,162.475
12/30/2015,165.95
12/31/2015,166.9
1/1/2016,166.9
1/4/2016,167.625
1/5/2016,167.775
1/6/2016,168.325
1/7/2016,163.825
1/8/2016,159.425
1/11/2016,159.45
1/12/2016,160.225
1/13/2016,160.775
1/14/2016,158.8
1/15/2016,154.3
1/18/2016,154.3
1/19/2016,156.55
1/20/2016,155
1/21/2016,158.675
1/22/2016,159.425
1/25/2016,160.225
1/26/2016,161.1
1/27/2016,160.925
1/28/2016,161.3
1/29/2016,157.25
2/1/2016,157.775
2/2/2016,157.85
2/3/2016,157.95
2/4/2016,156.525
2/5/2016,153.825
2/8/2016,149.325
2/9/2016,149
2/10/2016,151.225
2/11/2016,150.25
2/12/2016,150.025
2/15/2016,150.025
2/16/2016,154.5
2/17/2016,156
2/18/2016,156.475
2/19/2016,155.875
2/22/2016,155.175
2/23/2016,157.025
2/24/2016,157.95
2/25/2016,159.1
2/26/2016,158.65
2/29/2016,158.15
3/1/2016,158.05
3/2/2016,158.3
3/3/2016,157.6
3/4/2016,158.5
3/7/2016,157.95
3/8/2016,158.975
3/9/2016,159.05
3/10/2016,161.55
3/11/2016,162.4
3/14/2016,162.05
3/15/2016,163.975
3/16/2016,164.45
3/17/2016,163.725
3/18/2016,163.225
3/21/2016,162.375
3/22/2016,161.55
3/23/2016,161.4
3/24/2016,160.975
3/25/2016,160.975
3/28/2016,155.575
3/29/2016,156.075
3/30/2016,152.575
3/31/2016,157.075
4/1/2016,156.2
4/4/2016,156.675
4/5/2016,152.625
4/6/2016,153.175
4/7/2016,154.15
4/8/2016,155.9
4/11/2016,155.55
4/12/2016,155.275
4/13/2016,154.8
4/14/2016,154.925
4/15/2016,155.075
4/18/2016,150.575
4/19/2016,150.175
4/20/2016,149.4
4/21/2016,149.45
4/22/2016,147.95
4/25/2016,146.025
4/26/2016,146.575
4/27/2016,146.3
4/28/2016,145.525
4/29/2016,140.425
5/2/2016,141.425
5/3/2016,143.4
5/4/2016,144.925
5/5/2016,147.95
5/6/2016,147.375
5/9/2016,150.8
5/10/2016,150.2
5/11/2016,149
5/12/2016,147.825
5/13/2016,147.05
5/16/2016,148.65
5/17/2016,149.525
5/18/2016,149.5
5/19/2016,148.275
5/20/2016,148.625
5/23/2016,147
5/24/2016,146
5/25/2016,145.475
5/26/2016,145.9
5/27/2016,146.7
5/30/2016,146.7
5/31/2016,147.1
6/1/2016,146.425
6/2/2016,146.4
6/3/2016,146.675
6/6/2016,145.525
6/7/2016,145.45
6/8/2016,147.375
6/9/2016,147.3
6/10/2016,145.55
6/13/2016,141.05
6/14/2016,142.15
6/15/2016,140.25
6/16/2016,139.625
6/17/2016,137.425
6/20/2016,136.675
6/21/2016,139.275
6/22/2016,140.175
6/23/2016,142.375
6/24/2016,139.45
6/27/2016,140.175
6/28/2016,140.675
6/29/2016,143.05
6/30/2016,144.3
7/1/2016,142.45
7/4/2016,142.45
7/5/2016,144.075
7/6/2016,144.575
7/7/2016,143.625
7/8/2016,143.45
7/11/2016,139.45
7/12/2016,138.6
7/13/2016,139.275
7/14/2016,141.7
7/15/2016,139.575
7/18/2016,141.175
7/19/2016,139.9
7/20/2016,138.625
7/21/2016,134.4
7/22/2016,137.2
7/25/2016,141.7
7/26/2016,142.45
7/27/2016,142.275
7/28/2016,140.475
7/29/2016,140.05
8/1/2016,144.55
8/2/2016,145.475
8/3/2016,147.475
8/4/2016,147.575
8/5/2016,149.65
8/8/2016,149.125
8/9/2016,150.175
8/10/2016,149.725
8/11/2016,148.725
8/12/2016,149.075
8/15/2016,148.65
8/16/2016,147.125
8/17/2016,146.725
8/18/2016,145.025
8/19/2016,146.075
8/22/2016,147.025
8/23/2016,146.45
8/24/2016,146.65
8/25/2016,146.725
8/26/2016,139.925
8/29/2016,139.15
8/30/2016,142.525
8/31/2016,140.525
9/1/2016,137.3
9/2/2016,134.875
9/5/2016,134.875
9/6/2016,130.5
9/7/2016,133.15
9/8/2016,131.6
9/9/2016,134.225
9/12/2016,134.925
9/13/2016,133.375
9/14/2016,132.675
9/15/2016,133.975
9/16/2016,135.5
9/19/2016,135.45
9/20/2016,135.325
9/21/2016,136.35
9/22/2016,137
9/23/2016,136.825
9/26/2016,136.05
9/27/2016,134.825
9/28/2016,135.175
9/29/2016,134.225
9/30/2016,123.15
10/3/2016,123.975
10/4/2016,128
10/5/2016,127.45
10/6/2016,127.825
10/7/2016,127.625
10/10/2016,124.65
10/11/2016,124.125
10/12/2016,122
10/13/2016,119.45
10/14/2016,120.375
10/17/2016,121.7
10/18/2016,122.025
10/19/2016,119.025
10/20/2016,121.75
10/21/2016,121.875
10/24/2016,122.375
10/25/2016,121.55
10/26/2016,121.975
10/27/2016,121.925
10/28/2016,121.55
10/31/2016,121.85
11/1/2016,126.175
11/2/2016,126.575
11/3/2016,125.85
11/4/2016,125.625
11/7/2016,124.075
11/8/2016,124.4
11/9/2016,124.55
11/10/2016,125.2
11/11/2016,125.725
11/14/2016,126.025
11/15/2016,126.6
11/16/2016,126.975
11/17/2016,126.975
11/18/2016,124.975
11/21/2016,124.175
11/22/2016,124.05
11/23/2016,124.9
11/24/2016,124.9
11/25/2016,127.225
11/28/2016,126.8
11/29/2016,126.975
11/30/2016,128.425
12/1/2016,127.775
12/2/2016,124.6
12/5/2016,124.325
12/6/2016,126.85
12/7/2016,126.975
12/8/2016,126.6
12/9/2016,125.95
12/12/2016,128.55
12/13/2016,128.975
12/14/2016,127.7
12/15/2016,127.7
12/16/2016,129.9
12/19/2016,130.875
12/20/2016,130
12/21/2016,130.225
12/22/2016,131.125
12/23/2016,130.725
12/26/2016,130.725
12/27/2016,129.95
12/28/2016,131.725
12/29/2016,131.925
12/30/2016,130.45
1/2/2017,130.45
1/3/2017,130.2
1/4/2017,128.5
1/5/2017,128.25
1/6/2017,128.325
1/9/2017,129.275
1/10/2017,132.7
1/11/2017,132.05
1/12/2017,130.325
1/13/2017,130.45
1/16/2017,130.45
1/17/2017,130.925
1/18/2017,131
1/19/2017,131.95
1/20/2017,133.1
1/23/2017,132.775
1/24/2017,132.425
1/25/2017,132.375
1/26/2017,131.825
1/27/2017,127.45
1/30/2017,123.9
1/31/2017,122.775
2/1/2017,122.075
2/2/2017,123.75
2/3/2017,123.575
2/6/2017,123.525
2/7/2017,124.225
2/8/2017,122.3
2/9/2017,123.625
2/10/2017,122.075
2/13/2017,121.825
2/14/2017,124
2/15/2017,124.275
2/16/2017,123.825
2/17/2017,124.075
2/20/2017,124.075
2/21/2017,124.55
2/22/2017,125.1
2/23/2017,125.15
2/24/2017,121.7
2/27/2017,123.85
2/28/2017,125.075
3/1/2017,124.5
3/2/2017,123.45
3/3/2017,124.225
3/6/2017,124.075
3/7/2017,123.95
3/8/2017,124.375
3/9/2017,126.15
3/10/2017,127.475
3/13/2017,128.6
3/14/2017,127.85
3/15/2017,129.225
3/16/2017,130.55
3/17/2017,131.325
3/20/2017,131.475
3/21/2017,132
3/22/2017,134
3/23/2017,133.7
3/24/2017,133.375
3/27/2017,132.15
3/28/2017,132.35
3/29/2017,133.3
3/30/2017,132.675
3/31/2017,133.95
4/3/2017,133.075
4/4/2017,131.025
4/5/2017,130.525
4/6/2017,131.95
4/7/2017,133.75
4/10/2017,135.3
4/11/2017,137.175
4/12/2017,137.5
4/13/2017,137.8
4/14/2017,137.8
4/17/2017,139.05
4/18/2017,138.675
4/19/2017,138.675
4/20/2017,137.9
4/21/2017,138.55
4/24/2017,138.25
4/25/2017,138.725
4/26/2017,139.85
4/27/2017,140.85
4/28/2017,149.55
5/1/2017,148.6
5/2/2017,149.625
5/3/2017,153.3
5/4/2017,148.275
5/5/2017,143.775
5/8/2017,148.3
5/9/2017,144.525
5/10/2017,144.5
5/11/2017,142.375
5/12/2017,144.55
5/15/2017,142.525
5/16/2017,140.95
5/17/2017,141.975
5/18/2017,142.275
5/19/2017,143.35
5/22/2017,144.25
5/23/2017,144.25
5/24/2017,144
5/25/2017,143.525
5/26/2017,146.95
5/29/2017,146.95
5/30/2017,149.925
5/31/2017,152.575
6/1/2017,157.075
6/2/2017,158.725
6/5/2017,159.875
6/6/2017,155.375
6/7/2017,154.8
6/8/2017,153.95
6/9/2017,154.175
6/12/2017,151.55
6/13/2017,149.95
6/14/2017,146.125
6/15/2017,147.075
6/16/2017,147.875
6/19/2017,145
6/20/2017,143.925
6/21/2017,144.65
6/22/2017,143.45
6/23/2017,144.95
6/26/2017,149.45
6/27/2017,144.875
6/28/2017,146.4
6/29/2017,147.175
6/30/2017,147.925
7/3/2017,146.1
7/4/2017,146.1
7/5/2017,142.225
7/6/2017,144.625
7/7/2017,145.025
7/10/2017,144.675
7/11/2017,147.25
7/12/2017,151.75
7/13/2017,153.025
7/14/2017,154.275
7/17/2017,154.425
7/18/2017,151.6
7/19/2017,154.5
7/20/2017,152.275
7/21/2017,152.95
7/24/2017,148.45
7/25/2017,146.525
7/26/2017,146.475
7/27/2017,147.825
7/28/2017,146.05
7/31/2017,146.175
8/1/2017,149.175
8/2/2017,150.25
8/3/2017,150.65
8/4/2017,149.95
8/7/2017,146.25
8/8/2017,146.025
8/9/2017,141.525
8/10/2017,141.175
8/11/2017,141.775
8/14/2017,142.3
8/15/2017,145.35
8/16/2017,142.25
8/17/2017,140.475
8/18/2017,140.5
8/21/2017,139.8
8/22/2017,142.075
8/23/2017,141.625
8/24/2017,141.6
8/25/2017,141.375
8/28/2017,142.425
8/29/2017,142.6
8/30/2017,142.9
8/31/2017,142.725
9/1/2017,142.725
9/4/2017,142.725
9/5/2017,142.05
9/6/2017,143.3
9/7/2017,145.55
9/8/2017,147.875
9/11/2017,148.45
9/12/2017,147.975
9/13/2017,148.6
9/14/2017,148.8
9/15/2017,150.225
9/18/2017,150.8
9/19/2017,151.575
9/20/2017,153.975
9/21/2017,153.175
9/22/2017,153.4
9/25/2017,150.475
9/26/2017,150.575
9/27/2017,152.4
9/28/2017,152.775
9/29/2017,152.225
10/2/2017,150.35
10/3/2017,152.425
10/4/2017,152.1
10/5/2017,153.575
10/6/2017,153.95
10/9/2017,153.775
10/10/2017,154.075
10/11/2017,154.15
10/12/2017,153.55
10/13/2017,154.05
10/16/2017,154
10/17/2017,152.15
10/18/2017,152.525
10/19/2017,153.15
10/20/2017,153.625
10/23/2017,153.625
10/24/2017,155.125
10/25/2017,154.85
10/26/2017,155.425
10/27/2017,156.475
10/30/2017,158.325
10/31/2017,159.425
11/1/2017,159.7
11/2/2017,157.925
11/3/2017,160.875
11/6/2017,160.15
11/7/2017,159.875
11/8/2017,157.325
11/9/2017,158.475
11/10/2017,158.475
11/13/2017,158.7
11/14/2017,157.625
11/15/2017,158
11/16/2017,157.775
11/17/2017,151.725
11/20/2017,149.55
11/21/2017,151.625
11/22/2017,152.725
11/23/2017,152.725
11/24/2017,153.3
11/27/2017,154.45
11/28/2017,154.5
11/29/2017,155.575
11/30/2017,154.175
12/1/2017,150.325
12/4/2017,149.95
12/5/2017,147.825
12/6/2017,146.025
12/7/2017,146.325
12/8/2017,145.225
12/11/2017,145.45
12/12/2017,147.1
12/13/2017,145.65
12/14/2017,146.25
12/15/2017,147.75
12/18/2017,147.65
12/19/2017,145.2
12/20/2017,141.775
12/21/2017,142.925
12/22/2017,141.55
12/25/2017,141.55
12/26/2017,144.4
12/27/2017,145.175
12/28/2017,145.6
12/29/2017,146
1/1/2018,146
1/2/2018,149.525
1/3/2018,149.375
1/4/2018,149.025
1/5/2018,146.625
1/8/2018,146.45
1/9/2018,145.475
1/10/2018,144.375
1/11/2018,143.825
1/12/2018,144.35
1/15/2018,144.35
1/16/2018,145.6
1/17/2018,147.875
1/18/2018,149.175
1/19/2018,147.95
1/22/2018,147.9
1/23/2018,148.625
1/24/2018,148.15
1/25/2018,147.85
1/26/2018,146.725
1/29/2018,147
1/30/2018,147.175
1/31/2018,145.05
2/1/2018,149.55
2/2/2018,150.925
2/5/2018,149.675
2/6/2018,148.725
2/7/2018,148.3
2/8/2018,147.25
2/9/2018,146.2
2/12/2018,147.675
2/13/2018,147.275
2/14/2018,148.175
2/15/2018,149.825
2/16/2018,149.725
2/19/2018,149.725
2/20/2018,149.8
2/21/2018,146.65
2/22/2018,146
2/23/2018,146
2/26/2018,145.55
2/27/2018,146.55
2/28/2018,144.75
3/1/2018,145.05
3/2/2018,143.675
3/5/2018,145.15
3/6/2018,144.3
3/7/2018,143.775
